<vector xmlns:android="http://schemas.android.com/apk/res/android"
    xmlns:aapt="http://schemas.android.com/aapt"
    android:width="304dp"
    android:height="212.4dp"
    android:viewportWidth="304"
    android:viewportHeight="212.4">
  <path
      android:pathData="M0,0h304v212.4h-304z"
      android:fillColor="#3D3D3D"/>
  <path
      android:pathData="M173.6,44.2l-28.3,-44.2l-44.6,111.6z">
    <aapt:attr name="android:fillColor">
      <gradient 
          android:gradientRadius="198.5359"
          android:centerX="65.7424"
          android:centerY="43.917114"
          android:type="radial">
        <item android:offset="0.1531" android:color="#FF000000"/>
        <item android:offset="0.4493" android:color="#FF070707"/>
        <item android:offset="0.8943" android:color="#FF1C1C1B"/>
        <item android:offset="1" android:color="#FF222221"/>
      </gradient>
    </aapt:attr>
  </path>
  <path
      android:pathData="M162.2,130l94,14.4l-82.6,-100.2z">
    <aapt:attr name="android:fillColor">
      <gradient 
          android:gradientRadius="200.4453"
          android:centerX="216.1083"
          android:centerY="202.63672"
          android:type="radial">
        <item android:offset="0.1531" android:color="#FF000000"/>
        <item android:offset="0.4493" android:color="#FF070707"/>
        <item android:offset="0.8943" android:color="#FF1C1C1B"/>
        <item android:offset="1" android:color="#FF222221"/>
      </gradient>
    </aapt:attr>
  </path>
  <path
      android:pathData="M174.6,0l-29.3,0l28.3,44.2z"
      android:fillColor="#151515"/>
  <path
      android:pathData="M100.7,111.6l-26.1,-111.6l-11.1,0l-50.5,51.8z"
      android:fillColor="#050505"/>
  <path
      android:pathData="M145.3,0l-70.7,0l26.1,111.6z">
    <aapt:attr name="android:fillColor">
      <gradient 
          android:startY="55.8"
          android:startX="74.6"
          android:endY="55.8"
          android:endX="145.3"
          android:type="linear">
        <item android:offset="0.05569535" android:color="#FF1C1C1C"/>
        <item android:offset="0.4069" android:color="#FF1C1C1C"/>
        <item android:offset="1" android:color="#FF060606"/>
      </gradient>
    </aapt:attr>
  </path>
  <path
      android:pathData="M270.1,42l-59.2,-42l-36.3,0l-1.1,44.2z">
    <aapt:attr name="android:fillColor">
      <gradient 
          android:startY="22.100016"
          android:startX="152.3954"
          android:endY="22.100016"
          android:endX="248.9954"
          android:type="linear">
        <item android:offset="0.09881755" android:color="#FF050505"/>
        <item android:offset="1" android:color="#FF161616"/>
      </gradient>
    </aapt:attr>
  </path>
  <path
      android:pathData="M13,51.8l-13,62.3l0,9.9l100.7,-12.4z">
    <aapt:attr name="android:fillColor">
      <gradient 
          android:gradientRadius="266.8425"
          android:centerX="-63.755"
          android:centerY="61.707314"
          android:type="radial">
        <item android:offset="0.1531" android:color="#FF000000"/>
        <item android:offset="0.2413" android:color="#FF070707"/>
        <item android:offset="0.6368" android:color="#FF1C1C1B"/>
        <item android:offset="1" android:color="#FF222221"/>
      </gradient>
    </aapt:attr>
  </path>
  <path
      android:pathData="M122.8,212.4l57.3,0l-17.9,-82.4z"
      android:fillColor="#0A0A0A"/>
  <path
      android:pathData="M162.2,130l17.9,82.4l19.5,0l56.6,-68z"
      android:fillColor="#141414"/>
  <path
      android:pathData="M256.2,144.4l13.9,-102.5l-96.5,2.3z">
    <aapt:attr name="android:fillColor">
      <gradient 
          android:gradientRadius="144.761"
          android:centerX="221.47958"
          android:centerY="66.97016"
          android:type="radial">
        <item android:offset="0.1196" android:color="#FF171717"/>
        <item android:offset="0.4493" android:color="#FF070707"/>
        <item android:offset="0.8943" android:color="#FF1C1C1B"/>
      </gradient>
    </aapt:attr>
  </path>
  <path
      android:pathData="M100.7,111.6l3.7,100.8l18.4,0l39.4,-82.4z">
    <aapt:attr name="android:fillColor">
      <gradient 
          android:startY="186.7002"
          android:startX="99.6415"
          android:endY="106.267"
          android:endX="139.0713"
          android:type="linear">
        <item android:offset="0.1162" android:color="#FF1A1A1A"/>
        <item android:offset="0.906" android:color="#FF060606"/>
      </gradient>
    </aapt:attr>
  </path>
  <path
      android:pathData="M2.5,199.7l27.1,12.7l74.9,0l-3.8,-100.8z">
    <aapt:attr name="android:fillColor">
      <gradient 
          android:gradientRadius="136.0871"
          android:centerX="82.6124"
          android:centerY="180.24872"
          android:type="radial">
        <item android:offset="0.1531" android:color="#FF000000"/>
        <item android:offset="0.4493" android:color="#FF070707"/>
        <item android:offset="0.8943" android:color="#FF1C1C1B"/>
        <item android:offset="1" android:color="#FF222221"/>
      </gradient>
    </aapt:attr>
  </path>
  <path
      android:pathData="M100.7,111.6l-100.7,12.4l0,35l0,42.9z">
    <aapt:attr name="android:fillColor">
      <gradient 
          android:startY="162.29701"
          android:startX="3.9362"
          android:endY="144.72112"
          android:endX="106.5265"
          android:type="linear">
        <item android:offset="0.205" android:color="#FF1C1C1C"/>
        <item android:offset="0.9971" android:color="#FF010101"/>
      </gradient>
    </aapt:attr>
  </path>
  <path
      android:pathData="M0,159l0,40.4l2.5,0.3z"
      android:fillColor="#181818"/>
  <path
      android:pathData="M256.2,144.4l47.8,-12.7l0,-69.1l-33.9,-20.6z">
    <aapt:attr name="android:fillColor">
      <gradient 
          android:startY="93.20001"
          android:startX="258.7538"
          android:endY="93.20001"
          android:endX="306.5538"
          android:type="linear">
        <item android:offset="0" android:color="#FF151515"/>
        <item android:offset="1" android:color="#FF010101"/>
      </gradient>
    </aapt:attr>
  </path>
  <path
      android:pathData="M304,208.2l0,-1l-0.3,-0.5l0,1.5z">
    <aapt:attr name="android:fillColor">
      <gradient 
          android:startY="207.76372"
          android:startX="303.2661"
          android:endY="207.36362"
          android:endX="304.0109"
          android:type="linear">
        <item android:offset="0" android:color="#FF0D0D0D"/>
        <item android:offset="0.1972" android:color="#FF0A0A0A"/>
        <item android:offset="1" android:color="#FF010101"/>
      </gradient>
    </aapt:attr>
  </path>
  <path
      android:pathData="M303.7,206.7l-47.5,-62.3l-56.6,68l82.5,0l21.6,-4.2z">
    <aapt:attr name="android:fillColor">
      <gradient 
          android:startY="222.73611"
          android:startX="193.4839"
          android:endY="176.55441"
          android:endX="279.4764"
          android:type="linear">
        <item android:offset="0" android:color="#FF0D0D0D"/>
        <item android:offset="0.1972" android:color="#FF0A0A0A"/>
        <item android:offset="1" android:color="#FF010101"/>
      </gradient>
    </aapt:attr>
  </path>
  <path
      android:pathData="M304,208.2l-0.3,0l0,4.2l0.3,-1.7z"
      android:fillColor="#040404"/>
  <path
      android:pathData="M304,208.2l-21.9,4.2l21.9,0l0,0z"
      android:fillColor="#040404"/>
  <path
      android:pathData="M294.8,0l-83.9,0l59.2,41.9z"
      android:fillColor="#111111"/>
  <path
      android:pathData="M304,19.7l0,-19.7l-9.2,0l-24.7,41.9z"
      android:fillColor="#080808"/>
  <path
      android:pathData="M0,57l0,57.1l13,-62.3z"
      android:fillColor="#0E0E0E"/>
  <path
      android:pathData="M0,49.3l0,7.7l13,-5.2z"
      android:fillColor="#111111"/>
  <path
      android:pathData="M4.2,212.4l25.3,0l-27.1,-12.7z"
      android:fillColor="#080808"/>
  <path
      android:pathData="M0,38.7l0,10.6l13,2.5z"
      android:fillColor="#0C0C0C"/>
  <path
      android:pathData="M63.6,0H0v38.7c4.3,4.4 8.7,8.8 13,13.2C29.9,34.5 46.7,17.3 63.6,0z"
      android:fillColor="#111111"/>
  <path
      android:pathData="M256.2,144.4l47.8,62.8l0,-75.5z"
      android:fillColor="#0A0A0A"/>
  <path
      android:pathData="M0,199.4l0,13l4.3,0l-1.8,-12.7z"
      android:fillColor="#121212"/>
  <path
      android:pathData="M270.1,41.9l33.9,20.7l0,-13.1z"
      android:fillColor="#121212"/>
  <path
      android:pathData="M304,49.5l0,-29.8l-33.9,22.2z"
      android:fillColor="#0E0E0E"/>
  <path
      android:pathData="M303.7,212.4L303.7,212.4L303.7,212.4z">
    <aapt:attr name="android:fillColor">
      <gradient 
          android:startY="212.40001"
          android:startX="303.7"
          android:endY="212.40001"
          android:endX="303.7"
          android:type="linear">
        <item android:offset="0" android:color="#FF151515"/>
        <item android:offset="1" android:color="#FF010101"/>
      </gradient>
    </aapt:attr>
  </path>
  <path
      android:pathData="M162.2,130l11.4,-85.8l-72.9,67.4z"
      android:fillColor="#161616"/>
  <path
      android:pathData="M56,148.8c-1.9,0 -4.1,0 -5.7,0.2c-0.3,0 -0.3,0.1 -0.3,0.3V164c0,0.3 0.1,0.3 0.3,0.3c1.6,0.1 3.9,0.2 5.7,0.2c4.6,0 6.4,-2.3 6.4,-7.9C62.4,151.2 60.6,148.8 56,148.8zM56,162.3h-3.4v-11.1h3.1c3,0 4.1,1.7 4.1,5.6C59.8,160.6 58.8,162.3 56,162.3z"
      android:fillColor="#E7E7E7"/>
  <path
      android:pathData="M69.2,153.1c-4,0 -4.8,1.1 -4.8,5.7c0,4.6 0.9,5.7 4.8,5.7c1.3,0 2.5,-0.1 3.6,-0.3c0.2,0 0.3,-0.1 0.3,-0.3v-1.3c0,-0.2 -0.1,-0.3 -0.3,-0.3h-3.5c-1.9,0 -2.4,-0.5 -2.5,-2.6h6.4c0.6,0 0.7,-0.2 0.7,-0.5v-0.6C73.9,154.2 73,153.1 69.2,153.1zM66.8,158c0,-2.2 0.5,-2.8 2.4,-2.8c1.8,0 2.3,0.6 2.3,2.8H66.8z"
      android:fillColor="#E7E7E7"/>
  <path
      android:pathData="M85.2,153.3h-2c-0.2,0 -0.2,0.1 -0.3,0.3l-2,8.1c-0.2,0.7 -0.3,0.8 -0.7,0.8c-0.3,0 -0.4,-0.1 -0.6,-0.8l-2.1,-8.1c-0.1,-0.3 -0.1,-0.3 -0.3,-0.3h-2c-0.3,0 -0.3,0.1 -0.3,0.3l2.4,8.6c0.6,2.1 0.8,2.4 2.9,2.4c2.3,0 2.4,-0.3 3,-2.4l2.3,-8.6C85.5,153.3 85.5,153.3 85.2,153.3z"
      android:fillColor="#E7E7E7"/>
  <path
      android:pathData="M97.6,149h-9.8c-0.2,0 -0.3,0.1 -0.3,0.3v14.9c0,0.2 0.1,0.3 0.3,0.3h9.8c0.2,0 0.3,-0.1 0.3,-0.3v-1.7c0,-0.2 -0.1,-0.3 -0.3,-0.3h-7.5V158h6.8c0.2,0 0.3,-0.1 0.3,-0.3V156c0,-0.2 -0.1,-0.3 -0.3,-0.3h-6.8v-4.6h7.5c0.2,0 0.3,-0.1 0.3,-0.3V149C98,149 97.9,149 97.6,149z"
      android:fillColor="#E7E7E7"/>
  <path
      android:pathData="M106,158.5l3.5,-5c0.2,-0.2 0.1,-0.3 -0.2,-0.3H107c-0.2,0 -0.3,0.1 -0.3,0.2l-2.2,3.2l-2.2,-3.2c-0.1,-0.1 -0.2,-0.2 -0.3,-0.2h-2.3c-0.3,0 -0.3,0.2 -0.2,0.3l3.5,5l-3.9,5.6c-0.2,0.2 -0.1,0.3 0.2,0.3h2.3c0.1,0 0.3,-0.1 0.3,-0.2l2.6,-3.8l2.6,3.8c0.1,0.1 0.2,0.2 0.3,0.2h2.3c0.3,0 0.3,-0.2 0.2,-0.3L106,158.5z"
      android:fillColor="#E7E7E7"/>
  <path
      android:pathData="M116.1,153.1c-1.4,0 -2.6,0.1 -4.3,0.3c-0.3,0 -0.4,0.2 -0.4,0.4v14.3c0,0.3 0.1,0.3 0.3,0.3h1.9c0.2,0 0.3,-0.1 0.3,-0.3v-3.7c0.8,0.1 1.6,0.1 2.5,0.1c3.7,0 4.6,-1.2 4.6,-5.8C121.1,154.3 120.2,153.1 116.1,153.1zM116,162.4c-0.7,0 -1.5,0 -2.2,-0.1v-7h2.3c2.3,0 2.4,0.8 2.4,3.5C118.6,161.7 118.4,162.4 116,162.4z"
      android:fillColor="#E7E7E7"/>
  <path
      android:pathData="M129.2,153.4c-0.5,-0.2 -1.9,-0.3 -2.4,-0.3c-1.5,0 -3.5,0.2 -3.5,2.6v8.4c0,0.2 0.1,0.3 0.3,0.3h1.9c0.2,0 0.3,-0.1 0.3,-0.3v-7.8c0,-0.9 0.3,-1.1 1.6,-1.1h1.9c0.3,0 0.3,-0.1 0.3,-0.3v-1.3C129.5,153.5 129.5,153.4 129.2,153.4z"
      android:fillColor="#E7E7E7"/>
  <path
      android:pathData="M135.6,153.1c-4,0 -4.8,1.1 -4.8,5.7c0,4.6 0.9,5.7 4.8,5.7c1.3,0 2.5,-0.1 3.6,-0.3c0.2,0 0.3,-0.1 0.3,-0.3v-1.3c0,-0.2 -0.1,-0.3 -0.3,-0.3h-3.5c-1.9,0 -2.4,-0.5 -2.5,-2.6h6.4c0.6,0 0.7,-0.2 0.7,-0.5v-0.6C140.3,154.2 139.4,153.1 135.6,153.1zM133.3,158c0,-2.2 0.5,-2.8 2.4,-2.8c1.8,0 2.3,0.6 2.3,2.8H133.3z"
      android:fillColor="#E7E7E7"/>
  <path
      android:pathData="M148.4,158.5l-2.6,-1c-0.8,-0.3 -1.1,-0.7 -1.1,-1.2V156c0,-0.6 0.5,-0.9 1.4,-0.9h3.7c0.3,0 0.3,-0.1 0.3,-0.3v-1.1c0,-0.2 -0.1,-0.3 -0.3,-0.3c-1.2,-0.2 -2.3,-0.3 -3.1,-0.3c-2.5,0 -4.4,0.5 -4.4,2.7v0.4c0,1.2 0.4,2.4 2,3l2.7,1c0.9,0.3 1.2,0.7 1.2,1.2v0.2c0,0.7 -0.4,0.8 -1.8,0.8h-4c-0.3,0 -0.3,0.1 -0.3,0.3v1.3c0,0.2 0.1,0.3 0.3,0.3c0.7,0.1 2.2,0.2 4,0.2c2.6,0 4.2,-0.5 4.2,-2.9v-0.3C150.4,160.2 150.1,159.2 148.4,158.5z"
      android:fillColor="#E7E7E7"/>
  <path
      android:pathData="M158.3,158.5l-2.6,-1c-0.8,-0.3 -1.1,-0.7 -1.1,-1.2V156c0,-0.6 0.5,-0.9 1.4,-0.9h3.7c0.3,0 0.3,-0.1 0.3,-0.3v-1.1c0,-0.2 -0.1,-0.3 -0.3,-0.3c-1.2,-0.2 -2.3,-0.3 -3.1,-0.3c-2.5,0 -4.4,0.5 -4.4,2.7v0.4c0,1.2 0.4,2.4 2,3l2.7,1c0.9,0.3 1.2,0.7 1.2,1.2v0.2c0,0.7 -0.4,0.8 -1.8,0.8h-4c-0.3,0 -0.3,0.1 -0.3,0.3v1.3c0,0.2 0.1,0.3 0.3,0.3c0.7,0.1 2.2,0.2 4,0.2c2.6,0 4.2,-0.5 4.2,-2.9v-0.3C160.4,160.2 160.1,159.2 158.3,158.5z"
      android:fillColor="#E7E7E7"/>
  <path
      android:pathData="M182.4,149h-2c-0.6,0 -0.8,0.2 -1,0.8l-4.1,10.7l-4.1,-10.7c-0.3,-0.6 -0.4,-0.8 -1,-0.8h-2c-0.2,0 -0.3,0.1 -0.3,0.3l-1.4,14.9c0,0.3 0.1,0.3 0.3,0.3h2c0.2,0 0.3,-0.1 0.3,-0.3l0.9,-10.6l4.1,10.2c0.1,0.2 0.2,0.3 0.4,0.3h1.7c0.2,0 0.3,-0.1 0.4,-0.3l4.1,-10.2l0.9,10.6c0,0.3 0.1,0.3 0.3,0.3h2c0.2,0 0.3,-0.1 0.3,-0.3l-1.4,-14.9C182.7,149 182.6,149 182.4,149z"
      android:fillColor="#E7E7E7"/>
  <path
      android:pathData="M190.8,153.1c-4.1,0 -4.9,1.1 -4.9,5.7c0,4.6 0.8,5.7 4.9,5.7c4.1,0 5,-1.1 5,-5.7C195.8,154.3 194.9,153.1 190.8,153.1zM190.8,162.4c-2.2,0 -2.4,-0.7 -2.4,-3.5c0,-2.9 0.3,-3.5 2.4,-3.5c2.1,0 2.4,0.7 2.4,3.5C193.4,161.7 193,162.4 190.8,162.4z"
      android:fillColor="#E7E7E7"/>
  <path
      android:pathData="M203.2,153.1c-1,0 -1.9,0 -2.6,0.1v-4c0,-0.3 -0.1,-0.3 -0.3,-0.3h-1.9c-0.2,0 -0.3,0.1 -0.3,0.3v14.5c0,0.3 0.2,0.4 0.4,0.4c1.7,0.3 2.9,0.3 4.3,0.3c4.1,0 5,-1.2 5,-5.7C207.7,154.4 206.9,153.1 203.2,153.1zM202.8,162.4c-0.7,0 -1.5,-0.1 -2.3,-0.2v-7h2.2c2.3,0 2.5,0.7 2.5,3.5S205.1,162.4 202.8,162.4z"
      android:fillColor="#E7E7E7"/>
  <path
      android:pathData="M211.3,148.6c-0.9,0 -1.5,0.5 -1.5,1.4s0.5,1.4 1.5,1.4s1.4,-0.5 1.4,-1.4S212.2,148.6 211.3,148.6z"
      android:fillColor="#E7E7E7"/>
  <path
      android:pathData="M212.2,153.3h-1.9c-0.2,0 -0.3,0.1 -0.3,0.3v10.6c0,0.2 0.1,0.3 0.3,0.3h1.9c0.2,0 0.3,-0.1 0.3,-0.3v-10.6C212.5,153.4 212.4,153.3 212.2,153.3z"
      android:fillColor="#E7E7E7"/>
  <path
      android:pathData="M217.3,149h-1.9c-0.2,0 -0.3,0.1 -0.3,0.3v14.9c0,0.2 0.1,0.3 0.3,0.3h1.9c0.2,0 0.3,-0.1 0.3,-0.3v-14.9C217.6,149 217.4,149 217.3,149z"
      android:fillColor="#E7E7E7"/>
  <path
      android:pathData="M224.7,153.1c-4,0 -4.8,1.1 -4.8,5.7c0,4.6 0.9,5.7 4.8,5.7c1.3,0 2.5,-0.1 3.6,-0.3c0.2,0 0.3,-0.1 0.3,-0.3v-1.3c0,-0.2 -0.1,-0.3 -0.3,-0.3h-3.5c-1.9,0 -2.4,-0.5 -2.5,-2.6h6.4c0.6,0 0.7,-0.2 0.7,-0.5v-0.6C229.4,154.2 228.5,153.1 224.7,153.1zM222.3,158c0,-2.2 0.5,-2.8 2.4,-2.8c1.8,0 2.3,0.6 2.3,2.8H222.3z"
      android:fillColor="#E7E7E7"/>
  <path
      android:pathData="M248.1,149h-2c-0.3,0 -0.3,0.1 -0.3,0.3v7.5c0,4.5 -0.8,5.6 -3.6,5.6s-3.6,-1.1 -3.6,-5.6v-7.5c0,-0.3 -0.1,-0.3 -0.3,-0.3h-2c-0.3,0 -0.3,0.1 -0.3,0.3v7.5c0,6.2 1.3,7.9 6.2,7.9c5,0 6.2,-1.5 6.2,-7.9v-7.5C248.4,149 248.4,149 248.1,149z"
      android:fillColor="#E7E7E7"/>
  <path
      android:pathData="M253.7,149h-2c-0.2,0 -0.3,0.1 -0.3,0.3v14.9c0,0.3 0.1,0.3 0.3,0.3h2c0.2,0 0.3,-0.1 0.3,-0.3v-14.9C254,149 253.9,149 253.7,149z"
      android:fillColor="#E7E7E7"/>
  <path
      android:pathData="M100.2,179.3c-0.3,-0.1 -0.8,-0.1 -1.2,-0.1c-0.8,0 -2,0.1 -2,1.6v1.4h-1c-0.2,0 -0.2,0.1 -0.2,0.2v0.7c0,0.2 0.1,0.2 0.2,0.2h0.9v6.2c0,0.2 0.1,0.2 0.2,0.2H98c0.2,0 0.2,-0.1 0.2,-0.2v-6.2h1.6c0.1,0 0.2,-0.1 0.3,-0.2l0.1,-0.7c0,-0.2 0,-0.3 -0.2,-0.3h-1.7v-1c0,-0.7 0.3,-0.8 1.1,-0.8h0.8c0.2,0 0.2,-0.1 0.2,-0.2v-0.6C100.3,179.4 100.3,179.4 100.2,179.3z"
      android:fillColor="#E7E7E7"/>
  <path
      android:pathData="M104.1,182c-2.6,0 -3.1,0.8 -3.1,3.8s0.5,3.8 3.1,3.8s3.1,-0.8 3.1,-3.8C107.2,182.7 106.7,182 104.1,182zM104.1,188.4c-1.7,0 -1.9,-0.5 -1.9,-2.6s0.2,-2.6 1.9,-2.6c1.6,0 1.9,0.5 1.9,2.6C105.9,187.9 105.7,188.4 104.1,188.4z"
      android:fillColor="#E7E7E7"/>
  <path
      android:pathData="M112.5,182.1c-0.3,-0.1 -1.2,-0.2 -1.5,-0.2c-0.8,0 -2.1,0.1 -2.1,1.6v5.7c0,0.2 0.1,0.2 0.2,0.2h0.8c0.2,0 0.2,-0.1 0.2,-0.2v-5.4c0,-0.6 0.3,-0.8 1.2,-0.8h1.2c0.2,0 0.3,-0.1 0.3,-0.2v-0.5C112.6,182.2 112.6,182.2 112.5,182.1z"
      android:fillColor="#E7E7E7"/>
  <path
      android:pathData="M120.8,184.2l3,-4.6c0.1,-0.2 0.1,-0.3 -0.2,-0.3h-1c-0.3,0 -0.3,0.1 -0.3,0.3l-2.4,3.5l-2.4,-3.5c-0.1,-0.2 -0.2,-0.3 -0.3,-0.3h-1c-0.2,0 -0.3,0.1 -0.2,0.3l3.1,4.6l-3.4,5.1c-0.2,0.3 0,0.3 0.2,0.3h1c0.2,0 0.3,-0.1 0.3,-0.3l2.6,-4l2.6,4c0.1,0.2 0.2,0.3 0.3,0.3h1c0.2,0 0.3,-0.1 0.2,-0.3L120.8,184.2z"
      android:fillColor="#E7E7E7"/>
  <path
      android:pathData="M127.6,182c-0.6,0 -1.3,0 -2,0.2c-0.2,0 -0.2,0.1 -0.2,0.3v0.6c0,0.2 0,0.2 0.2,0.2h2c1.3,0 1.8,0.3 1.8,1.2v0.9h-2.2c-1.5,0 -2.4,0.4 -2.4,2.1c0,1.8 0.8,2.2 2.6,2.2c1.4,0 2.5,-0.1 3,-0.3c0.3,-0.1 0.3,-0.3 0.3,-0.3v-4.7C130.6,182.7 129.7,182 127.6,182zM129.4,188.2c-0.5,0.2 -1.4,0.2 -1.7,0.2c-1.1,0 -1.5,-0.2 -1.5,-1.1c0,-0.8 0.4,-1 1.1,-1h2.1V188.2z"
      android:fillColor="#E7E7E7"/>
  <path
      android:pathData="M139.3,182c-0.6,0 -1.5,0.2 -2.2,0.4c-0.5,-0.3 -1.4,-0.4 -2.3,-0.4c-0.6,0 -1.5,0.1 -2.3,0.3c-0.2,0 -0.2,0.1 -0.2,0.3v6.8c0,0.2 0.1,0.2 0.2,0.2h0.9c0.2,0 0.2,-0.1 0.2,-0.2v-6.2h1.4c1.3,0 1.7,0.1 1.7,2v4.1c0,0.2 0.1,0.2 0.2,0.2h0.9c0.1,0 0.2,0 0.2,-0.2v-4.1c0,-0.8 -0.1,-1.4 -0.3,-1.9c0.4,-0.1 1,-0.1 1.6,-0.1c1.3,0 1.7,0.1 1.7,2.1v4c0,0.2 0.1,0.2 0.2,0.2h0.8c0.2,0 0.2,-0.1 0.2,-0.2v-4.1C142.5,182.3 141.7,182 139.3,182z"
      android:fillColor="#E7E7E7"/>
  <path
      android:pathData="M146.6,182c-0.6,0 -1.3,0 -2,0.2c-0.2,0 -0.2,0.1 -0.2,0.3v0.6c0,0.2 0,0.2 0.2,0.2h2c1.3,0 1.8,0.3 1.8,1.2v0.9h-2.2c-1.5,0 -2.4,0.4 -2.4,2.1c0,1.8 0.8,2.2 2.6,2.2c1.4,0 2.5,-0.1 3,-0.3c0.3,-0.1 0.3,-0.3 0.3,-0.3v-4.7C149.6,182.7 148.7,182 146.6,182zM148.3,188.2c-0.5,0.2 -1.4,0.2 -1.7,0.2c-1.1,0 -1.5,-0.2 -1.5,-1.1c0,-0.8 0.4,-1 1.1,-1h2.1L148.3,188.2L148.3,188.2z"
      android:fillColor="#E7E7E7"/>
  <path
      android:pathData="M155,182.1c-0.3,-0.1 -1.2,-0.2 -1.5,-0.2c-0.8,0 -2.1,0.1 -2.1,1.6v5.7c0,0.2 0.1,0.2 0.2,0.2h0.8c0.2,0 0.2,-0.1 0.2,-0.2v-5.4c0,-0.6 0.3,-0.8 1.2,-0.8h1.2c0.2,0 0.3,-0.1 0.3,-0.2v-0.5C155.3,182.2 155.2,182.2 155,182.1z"
      android:fillColor="#E7E7E7"/>
  <path
      android:pathData="M157,179.1c-0.5,0 -0.8,0.3 -0.8,0.8s0.3,0.8 0.8,0.8s0.8,-0.3 0.8,-0.8C157.7,179.4 157.6,179.1 157,179.1z"
      android:fillColor="#E7E7E7"/>
  <path
      android:pathData="M157.5,182.1h-0.9c-0.2,0 -0.2,0.1 -0.2,0.2v7c0,0.2 0.1,0.2 0.2,0.2h0.9c0.2,0 0.2,-0.1 0.2,-0.2v-7C157.7,182.1 157.6,182.1 157.5,182.1z"
      android:fillColor="#E7E7E7"/>
  <path
      android:pathData="M162.6,182c-0.7,0 -1.8,0 -2.8,0.3c-0.2,0 -0.2,0 -0.2,0.3v6.8c0,0.2 0.1,0.2 0.2,0.2h0.9c0.2,0 0.2,-0.1 0.2,-0.2v-6.2h1.9c1.3,0 1.7,0.1 1.7,2.1v4c0,0.2 0.1,0.2 0.2,0.2h0.8c0.2,0 0.3,-0.1 0.3,-0.2v-4.1C165.7,182.3 164.9,182 162.6,182z"
      android:fillColor="#E7E7E7"/>
  <path
      android:pathData="M168,188c-0.5,0 -0.8,0.3 -0.8,0.8s0.3,0.8 0.8,0.8s0.8,-0.3 0.8,-0.8C168.8,188.2 168.6,188 168,188z"
      android:fillColor="#E7E7E7"/>
  <path
      android:pathData="M177.2,179.3H171c-0.2,0 -0.2,0.1 -0.2,0.2v9.8c0,0.2 0.1,0.2 0.2,0.2h0.9c0.2,0 0.2,-0.1 0.2,-0.2v-4.1h4.6c0.2,0 0.2,-0.1 0.2,-0.2v-0.8c0,-0.2 -0.1,-0.2 -0.2,-0.2H172v-3.5h5.2c0.2,0 0.2,-0.1 0.2,-0.2v-0.8C177.3,179.3 177.2,179.3 177.2,179.3z"
      android:fillColor="#E7E7E7"/>
  <path
      android:pathData="M181.3,182c-2.6,0 -3.1,0.8 -3.1,3.8s0.5,3.8 3.1,3.8s3.1,-0.8 3.1,-3.8C184.4,182.7 183.9,182 181.3,182zM181.3,188.4c-1.7,0 -1.9,-0.5 -1.9,-2.6s0.2,-2.6 1.9,-2.6c1.6,0 1.9,0.5 1.9,2.6S183,188.4 181.3,188.4z"
      android:fillColor="#E7E7E7"/>
  <path
      android:pathData="M189.7,182.1c-0.3,-0.1 -1.2,-0.2 -1.5,-0.2c-0.8,0 -2.1,0.1 -2.1,1.6v5.7c0,0.2 0.1,0.2 0.2,0.2h0.8c0.2,0 0.2,-0.1 0.2,-0.2v-5.4c0,-0.6 0.3,-0.8 1.2,-0.8h1.2c0.2,0 0.3,-0.1 0.3,-0.2v-0.5C189.9,182.2 189.8,182.2 189.7,182.1z"
      android:fillColor="#E7E7E7"/>
  <path
      android:pathData="M197.9,182c-0.6,0 -1.5,0.2 -2.2,0.4c-0.5,-0.3 -1.4,-0.4 -2.3,-0.4c-0.6,0 -1.5,0.1 -2.3,0.3c-0.2,0 -0.2,0.1 -0.2,0.3v6.8c0,0.2 0.1,0.2 0.2,0.2h0.9c0.2,0 0.2,-0.1 0.2,-0.2v-6.2h1.4c1.3,0 1.7,0.1 1.7,2v4.1c0,0.2 0.1,0.2 0.2,0.2h0.9c0.1,0 0.2,0 0.2,-0.2v-4.1c0,-0.8 -0.1,-1.4 -0.3,-1.9c0.4,-0.1 1,-0.1 1.6,-0.1c1.3,0 1.7,0.1 1.7,2.1v4c0,0.2 0.1,0.2 0.2,0.2h0.8c0.2,0 0.2,-0.1 0.2,-0.2v-4.1C201,182.3 200.2,182 197.9,182z"
      android:fillColor="#E7E7E7"/>
  <path
      android:pathData="M206.5,185.7l-1.8,-0.7c-0.7,-0.3 -0.8,-0.6 -0.8,-0.9v-0.2c0,-0.5 0.3,-0.7 1,-0.7h2.5c0.2,0 0.2,-0.1 0.2,-0.2v-0.6c0,-0.1 -0.1,-0.2 -0.2,-0.3c-0.8,-0.1 -1.4,-0.1 -2,-0.1c-1.4,0 -2.7,0.2 -2.7,1.7v0.3c0,0.8 0.3,1.5 1.3,1.9l1.9,0.8c0.6,0.3 0.8,0.5 0.8,0.9v0.2c0,0.6 -0.3,0.7 -1.4,0.7h-2.5c-0.2,0 -0.2,0.1 -0.2,0.2v0.6c0,0.1 0,0.2 0.2,0.2c0.3,0 1.3,0.1 2.4,0.1c1.9,0 2.7,-0.3 2.7,-1.8v-0.2C207.8,186.9 207.7,186.1 206.5,185.7z"
      android:fillColor="#E7E7E7"/>
  <path
      android:pathData="M179.6,33.3c-1.4,-2.4 -4.1,-3.9 -6.7,-3.9h-42c-2.7,0 -5.3,1.5 -6.7,3.8l-21,36.5c-1.4,2.4 -1.4,5.3 0,7.7l21,36.5c1.4,2.4 4,3.8 6.7,3.8H173c2.7,0 5.3,-1.5 6.7,-3.8l21,-36.5c1.4,-2.4 1.4,-5.3 0,-7.7L179.6,33.3zM173.2,95c0.3,0.6 -0.2,1.4 -0.8,1.4h-7.3c-0.3,0 -0.7,-0.2 -0.8,-0.5L152,74.1c-0.1,-0.1 -0.1,-0.3 -0.1,-0.3c0,0.1 0,0.3 -0.1,0.3l-12.3,22c-0.2,0.3 -0.5,0.5 -0.8,0.5h-7.3c-0.7,0 -1.2,-0.8 -0.8,-1.4l12.1,-21.4l-12,-21.5c-0.3,-0.5 0,-1.3 0.6,-1.4c0,0 0.1,0 0.2,0h7.3c0.3,0 0.6,0.2 0.8,0.5l12.3,22c0.1,0.1 0.1,0.3 0.1,0.3c0,-0.1 0,-0.3 0.1,-0.3l12.2,-22c0.2,-0.3 0.5,-0.5 0.8,-0.5h7.3c0.7,0 1.1,0.8 0.8,1.4l-12,21.4L173.2,95z"
      android:fillColor="#2088FF"/>
</vector>
