<vector xmlns:android="http://schemas.android.com/apk/res/android"
    xmlns:aapt="http://schemas.android.com/aapt"
    android:width="39dp"
    android:height="39dp"
    android:viewportWidth="39"
    android:viewportHeight="39">
  <path
      android:pathData="M35.9,35H34V12c0,-0.4 -0.2,-0.7 -0.5,-0.9c-0.3,-0.2 -0.7,-0.1 -1,0.1l-9.1,6.4L16.8,7.5C16.7,7.2 16.4,7 16.1,7c-0.3,0 -0.6,0.1 -0.8,0.3L3.9,18.7V3c0,-0.6 -0.4,-1 -1,-1s-1,0.4 -1,1v33c0,0.6 0.4,1 1,1h33c0.6,0 1,-0.4 1,-1S36.4,35 35.9,35zM32,35H3.9V21.5l12,-11.9l6.3,10c0.1,0.2 0.4,0.4 0.6,0.4c0.3,0.1 0.5,0 0.8,-0.2l8.4,-5.9V35z">
    <aapt:attr name="android:fillColor">
      <gradient 
          android:startY="19.5"
          android:startX="1.8626"
          android:endY="19.5"
          android:endX="36.8626"
          android:type="linear">
        <item android:offset="0" android:color="#FF00A0FF"/>
        <item android:offset="1" android:color="#FF42A5F6"/>
      </gradient>
    </aapt:attr>
  </path>
  <path
      android:pathData="M26.5,11c1.4,0 2.5,-1.1 2.5,-2.5S27.9,6 26.5,6S24,7.1 24,8.5S25.1,11 26.5,11zM26.5,8C26.8,8 27,8.2 27,8.5S26.8,9 26.5,9S26,8.8 26,8.5S26.2,8 26.5,8z">
    <aapt:attr name="android:fillColor">
      <gradient 
          android:startY="8.5"
          android:startX="24"
          android:endY="8.5"
          android:endX="29"
          android:type="linear">
        <item android:offset="0" android:color="#FF00A0FF"/>
        <item android:offset="1" android:color="#FF42A5F6"/>
      </gradient>
    </aapt:attr>
  </path>
  <path
      android:pathData="M21,27c0,1.7 1.3,3 3,3s3,-1.3 3,-3s-1.3,-3 -3,-3S21,25.3 21,27zM24,26c0.5,0 1,0.5 1,1s-0.5,1 -1,1s-1,-0.5 -1,-1S23.5,26 24,26z">
    <aapt:attr name="android:fillColor">
      <gradient 
          android:startY="27"
          android:startX="21"
          android:endY="27"
          android:endX="27"
          android:type="linear">
        <item android:offset="0" android:color="#FF00A0FF"/>
        <item android:offset="1" android:color="#FF42A5F6"/>
      </gradient>
    </aapt:attr>
  </path>
  <path
      android:pathData="M14.5,18c-1.9,0 -3.5,1.6 -3.5,3.5s1.6,3.5 3.5,3.5s3.5,-1.6 3.5,-3.5S16.4,18 14.5,18zM14.5,23c-0.8,0 -1.5,-0.7 -1.5,-1.5s0.7,-1.5 1.5,-1.5s1.5,0.7 1.5,1.5S15.3,23 14.5,23z">
    <aapt:attr name="android:fillColor">
      <gradient 
          android:startY="21.5"
          android:startX="11"
          android:endY="21.5"
          android:endX="18"
          android:type="linear">
        <item android:offset="0" android:color="#FF00A0FF"/>
        <item android:offset="1" android:color="#FF42A5F6"/>
      </gradient>
    </aapt:attr>
  </path>
  <path
      android:pathData="M8,30m-2,0a2,2 0,1 1,4 0a2,2 0,1 1,-4 0">
    <aapt:attr name="android:fillColor">
      <gradient 
          android:startY="30"
          android:startX="6"
          android:endY="30"
          android:endX="10"
          android:type="linear">
        <item android:offset="0" android:color="#FF00A0FF"/>
        <item android:offset="1" android:color="#FF42A5F6"/>
      </gradient>
    </aapt:attr>
  </path>
</vector>
