<vector xmlns:android="http://schemas.android.com/apk/res/android"
    xmlns:aapt="http://schemas.android.com/aapt"
    android:width="39dp"
    android:height="39dp"
    android:viewportWidth="39"
    android:viewportHeight="39">
  <path
      android:pathData="M36,35H4V3c0,-0.6 -0.4,-1 -1,-1S2,2.4 2,3v33c0,0.6 0.4,1 1,1h33c0.6,0 1,-0.4 1,-1C37,35.4 36.6,35 36,35z">
    <aapt:attr name="android:fillColor">
      <gradient 
          android:startY="19.5"
          android:startX="2"
          android:endY="19.5"
          android:endX="37"
          android:type="linear">
        <item android:offset="0" android:color="#FF00A0FF"/>
        <item android:offset="1" android:color="#FF42A5F6"/>
      </gradient>
    </aapt:attr>
  </path>
  <path
      android:pathData="M10,11c-0.6,0 -1,0.4 -1,1v13c0,0.6 0.4,1 1,1c0.6,0 1,-0.4 1,-1V12C11,11.4 10.6,11 10,11z">
    <aapt:attr name="android:fillColor">
      <gradient 
          android:startY="18.5"
          android:startX="8.9999"
          android:endY="18.5"
          android:endX="10.9999"
          android:type="linear">
        <item android:offset="0" android:color="#FF00A0FF"/>
        <item android:offset="1" android:color="#FF42A5F6"/>
      </gradient>
    </aapt:attr>
  </path>
  <path
      android:pathData="M13,5c-0.6,0 -1,0.4 -1,1v25c0,0.6 0.4,1 1,1c0.6,0 1,-0.4 1,-1V6C14,5.4 13.6,5 13,5z">
    <aapt:attr name="android:fillColor">
      <gradient 
          android:startY="18.5"
          android:startX="12"
          android:endY="18.5"
          android:endX="14"
          android:type="linear">
        <item android:offset="0" android:color="#FF00A0FF"/>
        <item android:offset="1" android:color="#FF42A5F6"/>
      </gradient>
    </aapt:attr>
  </path>
  <path
      android:pathData="M16,9c-0.6,0 -1,0.4 -1,1v19c0,0.6 0.4,1 1,1c0.6,0 1,-0.4 1,-1V10C17,9.4 16.6,9 16,9z">
    <aapt:attr name="android:fillColor">
      <gradient 
          android:startY="19.5"
          android:startX="15"
          android:endY="19.5"
          android:endX="17"
          android:type="linear">
        <item android:offset="0" android:color="#FF00A0FF"/>
        <item android:offset="1" android:color="#FF42A5F6"/>
      </gradient>
    </aapt:attr>
  </path>
  <path
      android:pathData="M19,12c-0.6,0 -1,0.4 -1,1v12c0,0.6 0.4,1 1,1c0.6,0 1,-0.4 1,-1V13C20,12.4 19.6,12 19,12z">
    <aapt:attr name="android:fillColor">
      <gradient 
          android:startY="19"
          android:startX="17.9997"
          android:endY="19"
          android:endX="19.9997"
          android:type="linear">
        <item android:offset="0" android:color="#FF00A0FF"/>
        <item android:offset="1" android:color="#FF42A5F6"/>
      </gradient>
    </aapt:attr>
  </path>
  <path
      android:pathData="M22,14c-0.6,0 -1,0.4 -1,1v11c0,0.6 0.4,1 1,1s1,-0.4 1,-1V15C23,14.4 22.6,14 22,14z">
    <aapt:attr name="android:fillColor">
      <gradient 
          android:startY="20.5"
          android:startX="21"
          android:endY="20.5"
          android:endX="23"
          android:type="linear">
        <item android:offset="0" android:color="#FF00A0FF"/>
        <item android:offset="1" android:color="#FF42A5F6"/>
      </gradient>
    </aapt:attr>
  </path>
  <path
      android:pathData="M25,17c-0.6,0 -1,0.4 -1,1v3c0,0.6 0.4,1 1,1c0.6,0 1,-0.4 1,-1v-3C26,17.4 25.6,17 25,17z">
    <aapt:attr name="android:fillColor">
      <gradient 
          android:startY="19.5"
          android:startX="23.9993"
          android:endY="19.5"
          android:endX="25.9993"
          android:type="linear">
        <item android:offset="0" android:color="#FF00A0FF"/>
        <item android:offset="1" android:color="#FF42A5F6"/>
      </gradient>
    </aapt:attr>
  </path>
  <path
      android:pathData="M28,15c-0.6,0 -1,0.4 -1,1v7c0,0.6 0.4,1 1,1s1,-0.4 1,-1v-7C29,15.4 28.6,15 28,15z">
    <aapt:attr name="android:fillColor">
      <gradient 
          android:startY="19.5"
          android:startX="27"
          android:endY="19.5"
          android:endX="29"
          android:type="linear">
        <item android:offset="0" android:color="#FF00A0FF"/>
        <item android:offset="1" android:color="#FF42A5F6"/>
      </gradient>
    </aapt:attr>
  </path>
  <path
      android:pathData="M31,18c-0.6,0 -1,0.4 -1,1v2c0,0.6 0.4,1 1,1s1,-0.4 1,-1v-2C32,18.4 31.6,18 31,18z">
    <aapt:attr name="android:fillColor">
      <gradient 
          android:startY="20"
          android:startX="30"
          android:endY="20"
          android:endX="32"
          android:type="linear">
        <item android:offset="0" android:color="#FF00A0FF"/>
        <item android:offset="1" android:color="#FF42A5F6"/>
      </gradient>
    </aapt:attr>
  </path>
  <path
      android:pathData="M7,16c-0.6,0 -1,0.4 -1,1v5c0,0.6 0.4,1 1,1s1,-0.4 1,-1v-5C8,16.4 7.6,16 7,16z">
    <aapt:attr name="android:fillColor">
      <gradient 
          android:startY="19.5"
          android:startX="6"
          android:endY="19.5"
          android:endX="8"
          android:type="linear">
        <item android:offset="0" android:color="#FF00A0FF"/>
        <item android:offset="1" android:color="#FF42A5F6"/>
      </gradient>
    </aapt:attr>
  </path>
  <path
      android:pathData="M34,20m-1,0a1,1 0,1 1,2 0a1,1 0,1 1,-2 0">
    <aapt:attr name="android:fillColor">
      <gradient 
          android:startY="20"
          android:startX="33"
          android:endY="20"
          android:endX="35"
          android:type="linear">
        <item android:offset="0" android:color="#FF00A0FF"/>
        <item android:offset="1" android:color="#FF42A5F6"/>
      </gradient>
    </aapt:attr>
  </path>
</vector>
