<vector xmlns:android="http://schemas.android.com/apk/res/android"
    xmlns:aapt="http://schemas.android.com/aapt"
    android:width="39dp"
    android:height="39dp"
    android:viewportWidth="39"
    android:viewportHeight="39">
  <path
      android:pathData="M8,28h1v3c0,0.6 0.4,1 1,1s1,-0.4 1,-1v-3h1c0.6,0 1,-0.4 1,-1V16c0,-0.6 -0.4,-1 -1,-1h-1v-3c0,-0.6 -0.4,-1 -1,-1s-1,0.4 -1,1v3H8c-0.6,0 -1,0.4 -1,1v11C7,27.6 7.4,28 8,28zM11,17v9H9v-9H11z">
    <aapt:attr name="android:fillColor">
      <gradient 
          android:startY="11"
          android:startX="10"
          android:endY="32"
          android:endX="10"
          android:type="linear">
        <item android:offset="0" android:color="#FF00A0FF"/>
        <item android:offset="1" android:color="#FF42A5F6"/>
      </gradient>
    </aapt:attr>
  </path>
  <path
      android:pathData="M28,28h1v3c0,0.6 0.4,1 1,1s1,-0.4 1,-1v-3h1c0.6,0 1,-0.4 1,-1V16c0,-0.6 -0.4,-1 -1,-1h-1v-3c0,-0.6 -0.4,-1 -1,-1s-1,0.4 -1,1v3h-1c-0.6,0 -1,0.4 -1,1v11C27,27.6 27.4,28 28,28zM31,17v9h-2v-9H31z">
    <aapt:attr name="android:fillColor">
      <gradient 
          android:startY="11"
          android:startX="30"
          android:endY="32"
          android:endX="30"
          android:type="linear">
        <item android:offset="0" android:color="#FF00A0FF"/>
        <item android:offset="1" android:color="#FF42A5F6"/>
      </gradient>
    </aapt:attr>
  </path>
  <path
      android:pathData="M18,22h1v3c0,0.6 0.4,1 1,1s1,-0.4 1,-1v-3h1c0.6,0 1,-0.4 1,-1V9c0,-0.6 -0.4,-1 -1,-1h-1V5c0,-0.6 -0.4,-1 -1,-1s-1,0.4 -1,1v3h-1c-0.6,0 -1,0.4 -1,1v12C17,21.6 17.4,22 18,22zM21,10v10h-2V10H21z">
    <aapt:attr name="android:fillColor">
      <gradient 
          android:startY="4"
          android:startX="20"
          android:endY="26"
          android:endX="20"
          android:type="linear">
        <item android:offset="0" android:color="#FF00A0FF"/>
        <item android:offset="1" android:color="#FF42A5F6"/>
      </gradient>
    </aapt:attr>
  </path>
  <path
      android:pathData="M36,35H4V3c0,-0.6 -0.4,-1 -1,-1S2,2.4 2,3v33c0,0.6 0.4,1 1,1h33c0.6,0 1,-0.4 1,-1C37,35.4 36.6,35 36,35z">
    <aapt:attr name="android:fillColor">
      <gradient 
          android:startY="2"
          android:startX="19.5"
          android:endY="37"
          android:endX="19.5"
          android:type="linear">
        <item android:offset="0" android:color="#FF00A0FF"/>
        <item android:offset="1" android:color="#FF42A5F6"/>
      </gradient>
    </aapt:attr>
  </path>
</vector>
