<vector xmlns:android="http://schemas.android.com/apk/res/android"
    xmlns:aapt="http://schemas.android.com/aapt"
    android:width="39dp"
    android:height="39dp"
    android:viewportWidth="39"
    android:viewportHeight="39">
  <path
      android:pathData="M36,35H4V3c0,-0.6 -0.4,-1 -1,-1S2,2.4 2,3v33c0,0.6 0.4,1 1,1h33c0.6,0 1,-0.4 1,-1C37,35.4 36.6,35 36,35z">
    <aapt:attr name="android:fillColor">
      <gradient 
          android:startY="2"
          android:startX="19.5"
          android:endY="37"
          android:endX="19.5"
          android:type="linear">
        <item android:offset="0" android:color="#FF00A0FF"/>
        <item android:offset="1" android:color="#FF42A5F6"/>
      </gradient>
    </aapt:attr>
  </path>
  <path
      android:pathData="M7.7,21l9,-8l6.9,4c0.3,0.2 0.6,0.2 0.9,0c0.2,0 0.3,-0.1 0.4,-0.2L33.6,8c0.4,-0.4 0.4,-1 0,-1.4c-0.4,-0.4 -1,-0.4 -1.4,0l-8.3,8.3L17.2,11c0,0 -0.1,0 -0.2,-0.1c-0.4,-0.2 -0.9,-0.2 -1.2,0.1l-9.5,8.5c-0.4,0.4 -0.4,1 -0.1,1.4C6.6,21.3 7.2,21.3 7.7,21z">
    <aapt:attr name="android:fillColor">
      <gradient 
          android:startY="6.3008"
          android:startX="19.9464"
          android:endY="21.2326"
          android:endX="19.9464"
          android:type="linear">
        <item android:offset="0" android:color="#FF00A0FF"/>
        <item android:offset="1" android:color="#FF42A5F6"/>
      </gradient>
    </aapt:attr>
  </path>
  <path
      android:pathData="M16.3,22c-0.2,-0.1 -0.3,-0.1 -0.5,-0.1c-0.3,0 -0.6,0.1 -0.8,0.3l-8.5,8.5c-0.4,0.4 -0.4,1 0,1.4c0.4,0.4 1,0.4 1.4,0l8,-8l9.8,5.4c0.5,0.3 1.1,0.1 1.4,-0.4c0,0 0,0 0,0c0,0 0,0 0,0l8.5,-13.2c0.3,-0.5 0.2,-1.1 -0.3,-1.4c-0.5,-0.3 -1.1,-0.2 -1.4,0.3l-8.1,12.5L16.3,22z">
    <aapt:attr name="android:fillColor">
      <gradient 
          android:startY="14.2939"
          android:startX="20.976"
          android:endY="32.3917"
          android:endX="20.976"
          android:type="linear">
        <item android:offset="0" android:color="#FF00A0FF"/>
        <item android:offset="1" android:color="#FF42A5F6"/>
      </gradient>
    </aapt:attr>
  </path>
</vector>
