<vector xmlns:android="http://schemas.android.com/apk/res/android"
    xmlns:aapt="http://schemas.android.com/aapt"
    android:width="39dp"
    android:height="39dp"
    android:viewportWidth="39"
    android:viewportHeight="39">
  <path
      android:pathData="M36,35H4V3c0,-0.6 -0.4,-1 -1,-1S2,2.4 2,3v33c0,0.6 0.4,1 1,1h33c0.6,0 1,-0.4 1,-1C37,35.4 36.6,35 36,35z">
    <aapt:attr name="android:fillColor">
      <gradient 
          android:startY="2"
          android:startX="19.5"
          android:endY="37"
          android:endX="19.5"
          android:type="linear">
        <item android:offset="0" android:color="#FF00A0FF"/>
        <item android:offset="1" android:color="#FF42A5F6"/>
      </gradient>
    </aapt:attr>
  </path>
  <path
      android:pathData="M7,24c0.6,0 1,-0.4 1,-1v-5c0,-1.1 0.9,-2 2,-2s2,0.9 2,2v8c0,2.2 1.8,4 4,4s4,-1.8 4,-4V11c0.1,-1.3 1.2,-2.3 2.5,-2.3s2.3,1 2.5,2.3v17c0,0 0,0.1 0,0.1c0,0.1 0,0.1 0,0.2c0,2.8 2.2,5 5,5s5,-2.2 5,-5c0,-0.1 0,-0.1 0,-0.2c0,0 0,-0.1 0,-0.1v-6c0,-0.6 -0.4,-1 -1,-1c-0.6,0 -1,0.4 -1,1v6h0c0,0.1 0,0.2 0,0.3c0,1.7 -1.3,3 -3,3s-3,-1.3 -3,-3c0,-0.1 0,-0.2 0,-0.3h0V11c-0.1,-2.4 -2.1,-4.3 -4.5,-4.3S18.1,8.6 18,11v15c0,1.1 -0.9,2 -2,2s-2,-0.9 -2,-2v-8c0,-2.2 -1.8,-4 -4,-4s-4,1.8 -4,4v5C6,23.6 6.4,24 7,24z">
    <aapt:attr name="android:fillColor">
      <gradient 
          android:startY="6.75"
          android:startX="20.4748"
          android:endY="33.25"
          android:endX="20.4748"
          android:type="linear">
        <item android:offset="0" android:color="#FF00A0FF"/>
        <item android:offset="1" android:color="#FF42A5F6"/>
      </gradient>
    </aapt:attr>
  </path>
</vector>
