<vector xmlns:android="http://schemas.android.com/apk/res/android"
    xmlns:aapt="http://schemas.android.com/aapt"
    android:width="39dp"
    android:height="39dp"
    android:viewportWidth="39"
    android:viewportHeight="39">
  <path
      android:pathData="M7,33h25c0.6,0 1,-0.4 1,-1v0c0,-0.6 -0.4,-1 -1,-1H7c-0.6,0 -1,0.4 -1,1v0C6,32.6 6.4,33 7,33z">
    <aapt:attr name="android:fillColor">
      <gradient 
          android:startY="31"
          android:startX="19.5"
          android:endY="33"
          android:endX="19.5"
          android:type="linear">
        <item android:offset="0" android:color="#FF00A0FF"/>
        <item android:offset="1" android:color="#FF42A5F6"/>
      </gradient>
    </aapt:attr>
  </path>
  <path
      android:pathData="M7,28h25c0.6,0 1,-0.4 1,-1v0c0,-0.6 -0.4,-1 -1,-1H7c-0.6,0 -1,0.4 -1,1v0C6,27.6 6.4,28 7,28z">
    <aapt:attr name="android:fillColor">
      <gradient 
          android:startY="26"
          android:startX="19.5"
          android:endY="28"
          android:endX="19.5"
          android:type="linear">
        <item android:offset="0" android:color="#FF00A0FF"/>
        <item android:offset="1" android:color="#FF42A5F6"/>
      </gradient>
    </aapt:attr>
  </path>
  <path
      android:pathData="M7,23h25c0.6,0 1,-0.4 1,-1v0c0,-0.6 -0.4,-1 -1,-1H7c-0.6,0 -1,0.4 -1,1v0C6,22.6 6.4,23 7,23z">
    <aapt:attr name="android:fillColor">
      <gradient 
          android:startY="21"
          android:startX="19.5"
          android:endY="23"
          android:endX="19.5"
          android:type="linear">
        <item android:offset="0" android:color="#FF00A0FF"/>
        <item android:offset="1" android:color="#FF42A5F6"/>
      </gradient>
    </aapt:attr>
  </path>
  <path
      android:pathData="M7,18h25c0.6,0 1,-0.4 1,-1v0c0,-0.6 -0.4,-1 -1,-1H7c-0.6,0 -1,0.4 -1,1v0C6,17.6 6.4,18 7,18z">
    <aapt:attr name="android:fillColor">
      <gradient 
          android:startY="16"
          android:startX="19.5"
          android:endY="18"
          android:endX="19.5"
          android:type="linear">
        <item android:offset="0" android:color="#FF00A0FF"/>
        <item android:offset="1" android:color="#FF42A5F6"/>
      </gradient>
    </aapt:attr>
  </path>
  <path
      android:pathData="M7,13h25c0.6,0 1,-0.4 1,-1v0c0,-0.6 -0.4,-1 -1,-1H7c-0.6,0 -1,0.4 -1,1v0C6,12.6 6.4,13 7,13z">
    <aapt:attr name="android:fillColor">
      <gradient 
          android:startY="11"
          android:startX="19.5"
          android:endY="13"
          android:endX="19.5"
          android:type="linear">
        <item android:offset="0" android:color="#FF00A0FF"/>
        <item android:offset="1" android:color="#FF42A5F6"/>
      </gradient>
    </aapt:attr>
  </path>
  <path
      android:pathData="M7,8h25c0.6,0 1,-0.4 1,-1v0c0,-0.6 -0.4,-1 -1,-1H7C6.4,6 6,6.4 6,7v0C6,7.6 6.4,8 7,8z">
    <aapt:attr name="android:fillColor">
      <gradient 
          android:startY="6"
          android:startX="19.5"
          android:endY="8"
          android:endX="19.5"
          android:type="linear">
        <item android:offset="0" android:color="#FF00A0FF"/>
        <item android:offset="1" android:color="#FF42A5F6"/>
      </gradient>
    </aapt:attr>
  </path>
</vector>
