<vector xmlns:android="http://schemas.android.com/apk/res/android"
    xmlns:aapt="http://schemas.android.com/aapt"
    android:width="39dp"
    android:height="39dp"
    android:viewportWidth="39"
    android:viewportHeight="39">
  <path
      android:pathData="M34.9,18.2h-8c-0.6,0 -1,0.4 -1,1s0.4,1 1,1h8c0.6,0 1,-0.4 1,-1S35.5,18.2 34.9,18.2z">
    <aapt:attr name="android:fillColor">
      <gradient 
          android:startY="20.158"
          android:startX="30.9117"
          android:endY="18.158"
          android:endX="30.9117"
          android:type="linear">
        <item android:offset="0" android:color="#FF00A0FF"/>
        <item android:offset="1" android:color="#FF42A5F6"/>
      </gradient>
    </aapt:attr>
  </path>
  <path
      android:pathData="M18.9,26.2c-0.6,0 -1,0.4 -1,1v8c0,0.6 0.4,1 1,1c0.6,0 1,-0.4 1,-1v-8C19.9,26.6 19.5,26.2 18.9,26.2z">
    <aapt:attr name="android:fillColor">
      <gradient 
          android:startY="36.158"
          android:startX="18.9117"
          android:endY="26.158"
          android:endX="18.9117"
          android:type="linear">
        <item android:offset="0" android:color="#FF00A0FF"/>
        <item android:offset="1" android:color="#FF42A5F6"/>
      </gradient>
    </aapt:attr>
  </path>
  <path
      android:pathData="M10.9,18.2h-8c-0.6,0 -1,0.4 -1,1s0.4,1 1,1h8c0.6,0 1,-0.4 1,-1S11.5,18.2 10.9,18.2z">
    <aapt:attr name="android:fillColor">
      <gradient 
          android:startY="20.158"
          android:startX="6.9117"
          android:endY="18.158"
          android:endX="6.9117"
          android:type="linear">
        <item android:offset="0" android:color="#FF00A0FF"/>
        <item android:offset="1" android:color="#FF42A5F6"/>
      </gradient>
    </aapt:attr>
  </path>
  <path
      android:pathData="M18.9,2.2c-0.6,0 -1,0.4 -1,1v8c0,0.6 0.4,1 1,1c0.6,0 1,-0.4 1,-1v-8C19.9,2.6 19.5,2.2 18.9,2.2z">
    <aapt:attr name="android:fillColor">
      <gradient 
          android:startY="12.158"
          android:startX="18.9117"
          android:endY="2.158"
          android:endX="18.9117"
          android:type="linear">
        <item android:offset="0" android:color="#FF00A0FF"/>
        <item android:offset="1" android:color="#FF42A5F6"/>
      </gradient>
    </aapt:attr>
  </path>
  <path
      android:pathData="M11.8,4.8c-0.3,-0.5 -0.9,-0.6 -1.4,-0.4C9.9,4.7 9.8,5.3 10,5.8l4,6.9c0.3,0.5 0.9,0.6 1.4,0.4c0.5,-0.3 0.6,-0.9 0.4,-1.4L11.8,4.8z">
    <aapt:attr name="android:fillColor">
      <gradient 
          android:startY="13.2299"
          android:startX="12.9118"
          android:endY="4.3014"
          android:endX="12.9118"
          android:type="linear">
        <item android:offset="0" android:color="#FF00A0FF"/>
        <item android:offset="1" android:color="#FF42A5F6"/>
      </gradient>
    </aapt:attr>
  </path>
  <path
      android:pathData="M25,15.7c0.3,0.5 0.9,0.6 1.4,0.4l6.9,-4c0.5,-0.3 0.6,-0.9 0.4,-1.4c-0.3,-0.5 -0.9,-0.6 -1.4,-0.4l-6.9,4C24.9,14.6 24.7,15.2 25,15.7z">
    <aapt:attr name="android:fillColor">
      <gradient 
          android:startY="16.1581"
          android:startX="29.3041"
          android:endY="10.1578"
          android:endX="29.3041"
          android:type="linear">
        <item android:offset="0" android:color="#FF00A0FF"/>
        <item android:offset="1" android:color="#FF42A5F6"/>
      </gradient>
    </aapt:attr>
  </path>
  <path
      android:pathData="M23.8,25.6c-0.3,-0.5 -0.9,-0.6 -1.4,-0.4c-0.5,0.3 -0.6,0.9 -0.4,1.4l4,6.9c0.3,0.5 0.9,0.6 1.4,0.4c0.5,-0.3 0.6,-0.9 0.4,-1.4L23.8,25.6z">
    <aapt:attr name="android:fillColor">
      <gradient 
          android:startY="34.0145"
          android:startX="24.9118"
          android:endY="25.086"
          android:endX="24.9118"
          android:type="linear">
        <item android:offset="0" android:color="#FF00A0FF"/>
        <item android:offset="1" android:color="#FF42A5F6"/>
      </gradient>
    </aapt:attr>
  </path>
  <path
      android:pathData="M12.5,14.3l-6.9,-4c-0.5,-0.3 -1.1,-0.1 -1.4,0.4S4.1,11.7 4.6,12l6.9,4c0.5,0.3 1.1,0.1 1.4,-0.4C13.1,15.2 13,14.6 12.5,14.3z">
    <aapt:attr name="android:fillColor">
      <gradient 
          android:startY="16.1581"
          android:startX="8.5195"
          android:endY="10.1578"
          android:endX="8.5195"
          android:type="linear">
        <item android:offset="0" android:color="#FF00A0FF"/>
        <item android:offset="1" android:color="#FF42A5F6"/>
      </gradient>
    </aapt:attr>
  </path>
  <path
      android:pathData="M33.3,26.3l-6.9,-4c-0.5,-0.3 -1.1,-0.1 -1.4,0.4s-0.1,1.1 0.4,1.4l6.9,4c0.5,0.3 1.1,0.1 1.4,-0.4C33.9,27.2 33.7,26.6 33.3,26.3z">
    <aapt:attr name="android:fillColor">
      <gradient 
          android:startY="28.1581"
          android:startX="29.3041"
          android:endY="22.1578"
          android:endX="29.3041"
          android:type="linear">
        <item android:offset="0" android:color="#FF00A0FF"/>
        <item android:offset="1" android:color="#FF42A5F6"/>
      </gradient>
    </aapt:attr>
  </path>
  <path
      android:pathData="M22.4,13.1c0.5,0.3 1.1,0.1 1.4,-0.4l4,-6.9c0.3,-0.5 0.1,-1.1 -0.4,-1.4c-0.5,-0.3 -1.1,-0.1 -1.4,0.4l-4,6.9C21.8,12.2 21.9,12.8 22.4,13.1z">
    <aapt:attr name="android:fillColor">
      <gradient 
          android:startY="13.2299"
          android:startX="24.9118"
          android:endY="4.3014"
          android:endX="24.9118"
          android:type="linear">
        <item android:offset="0" android:color="#FF00A0FF"/>
        <item android:offset="1" android:color="#FF42A5F6"/>
      </gradient>
    </aapt:attr>
  </path>
</vector>
