<vector xmlns:android="http://schemas.android.com/apk/res/android"
    xmlns:aapt="http://schemas.android.com/aapt"
    android:width="39dp"
    android:height="39dp"
    android:viewportWidth="39"
    android:viewportHeight="39">
  <path
      android:pathData="M36,3H3C2.4,3 2,3.4 2,4v31c0,0.6 0.4,1 1,1h33c0.6,0 1,-0.4 1,-1V4C37,3.4 36.6,3 36,3zM17,5h18v29H17V5zM15,34H4V5h11V34z"
      android:strokeAlpha="0.91"
      android:fillAlpha="0.91">
    <aapt:attr name="android:fillColor">
      <gradient 
          android:startY="3.4118"
          android:startX="19.5"
          android:endY="34.6448"
          android:endX="19.5"
          android:type="linear">
        <item android:offset="0" android:color="#FF00A0FF"/>
        <item android:offset="1" android:color="#FF42A5F6"/>
      </gradient>
    </aapt:attr>
  </path>
  <path
      android:pathData="M7,22h5c0.6,0 1,-0.4 1,-1c0,-0.6 -0.4,-1 -1,-1H7c-0.6,0 -1,0.4 -1,1C6,21.6 6.4,22 7,22z"
      android:strokeAlpha="0.91"
      android:fillAlpha="0.91">
    <aapt:attr name="android:fillColor">
      <gradient 
          android:startY="3.4118"
          android:startX="9.5"
          android:endY="34.6448"
          android:endX="9.5"
          android:type="linear">
        <item android:offset="0" android:color="#FF00A0FF"/>
        <item android:offset="1" android:color="#FF42A5F6"/>
      </gradient>
    </aapt:attr>
  </path>
  <path
      android:pathData="M7,18h5c0.6,0 1,-0.4 1,-1c0,-0.6 -0.4,-1 -1,-1H7c-0.6,0 -1,0.4 -1,1C6,17.6 6.4,18 7,18z"
      android:strokeAlpha="0.91"
      android:fillAlpha="0.91">
    <aapt:attr name="android:fillColor">
      <gradient 
          android:startY="3.4118"
          android:startX="9.5"
          android:endY="34.6448"
          android:endX="9.5"
          android:type="linear">
        <item android:offset="0" android:color="#FF00A0FF"/>
        <item android:offset="1" android:color="#FF42A5F6"/>
      </gradient>
    </aapt:attr>
  </path>
  <path
      android:pathData="M12,24H7c-0.6,0 -1,0.4 -1,1c0,0.6 0.4,1 1,1h5c0.6,0 1,-0.4 1,-1C13,24.4 12.6,24 12,24z"
      android:strokeAlpha="0.91"
      android:fillAlpha="0.91">
    <aapt:attr name="android:fillColor">
      <gradient 
          android:startY="3.4118"
          android:startX="9.5"
          android:endY="34.6448"
          android:endX="9.5"
          android:type="linear">
        <item android:offset="0" android:color="#FF00A0FF"/>
        <item android:offset="1" android:color="#FF42A5F6"/>
      </gradient>
    </aapt:attr>
  </path>
  <path
      android:pathData="M9.5,9.5m-1.5,0a1.5,1.5 0,1 1,3 0a1.5,1.5 0,1 1,-3 0"
      android:strokeAlpha="0.91"
      android:fillAlpha="0.91">
    <aapt:attr name="android:fillColor">
      <gradient 
          android:startY="3.4118"
          android:startX="9.5"
          android:endY="34.6448"
          android:endX="9.5"
          android:type="linear">
        <item android:offset="0" android:color="#FF00A0FF"/>
        <item android:offset="1" android:color="#FF42A5F6"/>
      </gradient>
    </aapt:attr>
  </path>
  <path
      android:pathData="M7.5,14h4.1c0.6,0 1,-0.6 0.8,-1.1c-0.4,-1.1 -1.6,-1.9 -2.8,-1.9s-2.4,0.8 -2.8,1.9C6.5,13.4 6.9,14 7.5,14z"
      android:strokeAlpha="0.91"
      android:fillAlpha="0.91">
    <aapt:attr name="android:fillColor">
      <gradient 
          android:startY="3.4118"
          android:startX="9.5"
          android:endY="34.6448"
          android:endX="9.5"
          android:type="linear">
        <item android:offset="0" android:color="#FF00A0FF"/>
        <item android:offset="1" android:color="#FF42A5F6"/>
      </gradient>
    </aapt:attr>
  </path>
</vector>
