<vector xmlns:android="http://schemas.android.com/apk/res/android"
    xmlns:aapt="http://schemas.android.com/aapt"
    android:width="39dp"
    android:height="39dp"
    android:viewportWidth="39"
    android:viewportHeight="39">
  <path
      android:pathData="M35,3L35,3H2C1.4,3 1,3.4 1,4v31c0,0.6 0.4,1 1,1h14c0.6,0 1,-0.4 1,-1c0,-0.6 -0.4,-1 -1,-1V5h18v12c0,0.6 0.4,1 1,1h0c0.6,0 1,-0.4 1,-1V4C36,3.4 35.6,3 35,3zM14,34H3V5h11V34z">
    <aapt:attr name="android:fillColor">
      <gradient 
          android:startY="3"
          android:startX="18.5"
          android:endY="36"
          android:endX="18.5"
          android:type="linear">
        <item android:offset="0" android:color="#FF00A0FF"/>
        <item android:offset="1" android:color="#FF42A5F6"/>
      </gradient>
    </aapt:attr>
  </path>
  <path
      android:pathData="M11,19H6c-0.6,0 -1,0.4 -1,1c0,0.6 0.4,1 1,1h5c0.6,0 1,-0.4 1,-1C12,19.4 11.6,19 11,19z">
    <aapt:attr name="android:fillColor">
      <gradient 
          android:startY="19"
          android:startX="8.5"
          android:endY="21"
          android:endX="8.5"
          android:type="linear">
        <item android:offset="0" android:color="#FF00A0FF"/>
        <item android:offset="1" android:color="#FF42A5F6"/>
      </gradient>
    </aapt:attr>
  </path>
  <path
      android:pathData="M6,16h5c0.6,0 1,-0.4 1,-1c0,-0.6 -0.4,-1 -1,-1H6c-0.6,0 -1,0.4 -1,1C5,15.6 5.4,16 6,16z">
    <aapt:attr name="android:fillColor">
      <gradient 
          android:startY="14"
          android:startX="8.5"
          android:endY="16"
          android:endX="8.5"
          android:type="linear">
        <item android:offset="0" android:color="#FF00A0FF"/>
        <item android:offset="1" android:color="#FF42A5F6"/>
      </gradient>
    </aapt:attr>
  </path>
  <path
      android:pathData="M6,11h5c0.6,0 1,-0.4 1,-1c0,-0.6 -0.4,-1 -1,-1H6c-0.6,0 -1,0.4 -1,1C5,10.6 5.4,11 6,11z">
    <aapt:attr name="android:fillColor">
      <gradient 
          android:startY="9"
          android:startX="8.5"
          android:endY="11"
          android:endX="8.5"
          android:type="linear">
        <item android:offset="0" android:color="#FF00A0FF"/>
        <item android:offset="1" android:color="#FF42A5F6"/>
      </gradient>
    </aapt:attr>
  </path>
  <path
      android:pathData="M35.4,29c0,-0.3 0.1,-0.6 0.1,-1s0,-0.7 -0.1,-1l2.1,-1.6c0.2,-0.1 0.2,-0.4 0.1,-0.6l-2,-3.5c-0.1,-0.2 -0.4,-0.3 -0.6,-0.2l-2.5,1c-0.5,-0.4 -1.1,-0.7 -1.7,-1l-0.4,-2.6c0,-0.2 -0.2,-0.4 -0.5,-0.4h-4c-0.3,0 -0.5,0.2 -0.5,0.4l-0.4,2.6c-0.6,0.3 -1.2,0.6 -1.7,1L21,21c-0.2,-0.1 -0.5,0 -0.6,0.2l-2,3.5c-0.1,0.2 -0.1,0.5 0.1,0.6l2.1,1.7c0,0.3 -0.1,0.6 -0.1,1s0,0.7 0.1,1l-2.1,1.6c-0.2,0.1 -0.2,0.4 -0.1,0.6l2,3.5c0.1,0.2 0.4,0.3 0.6,0.2l2.5,-1c0.5,0.4 1.1,0.7 1.7,1l0.4,2.6c0,0.2 0.2,0.4 0.5,0.4h4c0.3,0 0.5,-0.2 0.5,-0.4l0.4,-2.6c0.6,-0.3 1.2,-0.6 1.7,-1l2.5,1c0.2,0.1 0.5,0 0.6,-0.2l2,-3.5c0.1,-0.2 0.1,-0.5 -0.1,-0.6L35.4,29zM28,31.5c-1.9,0 -3.5,-1.6 -3.5,-3.5s1.6,-3.5 3.5,-3.5s3.5,1.6 3.5,3.5S29.9,31.5 28,31.5z"
      android:strokeWidth="2"
      android:fillColor="#00000000"
      android:strokeColor="#00A0FF"/>
</vector>
