<vector xmlns:android="http://schemas.android.com/apk/res/android"
    xmlns:aapt="http://schemas.android.com/aapt"
    android:width="39dp"
    android:height="39dp"
    android:viewportWidth="39"
    android:viewportHeight="39">
  <path
      android:pathData="M3,26.9L3,26.9c-0.6,0 -1,-0.4 -1,-1v-13c0,-0.6 0.4,-1 1,-1l0,0c0.6,0 1,0.4 1,1v13C4,26.5 3.6,26.9 3,26.9z">
    <aapt:attr name="android:fillColor">
      <gradient 
          android:startY="11.9"
          android:startX="2.9847"
          android:endY="26.9"
          android:endX="3.0153"
          android:type="linear">
        <item android:offset="0" android:color="#FF00A0FF"/>
        <item android:offset="1" android:color="#FF0EA1FD"/>
      </gradient>
    </aapt:attr>
  </path>
  <path
      android:pathData="M36,11.9L36,11.9c-0.6,0 -1,0.4 -1,1v13c0,0.6 0.4,1 1,1l0,0c0.6,0 1,-0.4 1,-1v-13C37,12.4 36.6,11.9 36,11.9z">
    <aapt:attr name="android:fillColor">
      <gradient 
          android:startY="11.9"
          android:startX="35.9847"
          android:endY="26.9"
          android:endX="36.0153"
          android:type="linear">
        <item android:offset="0" android:color="#FF00A0FF"/>
        <item android:offset="1" android:color="#FF0EA1FD"/>
      </gradient>
    </aapt:attr>
  </path>
  <path
      android:pathData="M6,13.9H3c-0.6,0 -1,-0.4 -1,-1l0,0c0,-0.6 0.4,-1 1,-1h3c0.6,0 1,0.4 1,1l0,0C7,13.5 6.6,13.9 6,13.9z">
    <aapt:attr name="android:fillColor">
      <gradient 
          android:startY="11.9012"
          android:startX="4.498"
          android:endY="13.9072"
          android:endX="4.502"
          android:type="linear">
        <item android:offset="0" android:color="#FF00A0FF"/>
        <item android:offset="1" android:color="#FF0EA1FD"/>
      </gradient>
    </aapt:attr>
  </path>
  <path
      android:pathData="M6,26.9H3c-0.6,0 -1,-0.4 -1,-1l0,0c0,-0.6 0.4,-1 1,-1h3c0.6,0 1,0.4 1,1l0,0C7,26.5 6.6,26.9 6,26.9z">
    <aapt:attr name="android:fillColor">
      <gradient 
          android:startY="24.9012"
          android:startX="4.498"
          android:endY="26.9072"
          android:endX="4.502"
          android:type="linear">
        <item android:offset="0" android:color="#FF00A0FF"/>
        <item android:offset="1" android:color="#FF0EA1FD"/>
      </gradient>
    </aapt:attr>
  </path>
  <path
      android:pathData="M12,12H8c-0.6,0 -1,-0.4 -1,-1l0,0c0,-0.6 0.4,-1 1,-1h4c0.6,0 1,0.4 1,1l0,0C13,11.6 12.6,12 12,12z">
    <aapt:attr name="android:fillColor">
      <gradient 
          android:startY="9.9958"
          android:startX="9.9979"
          android:endY="12.0042"
          android:endX="10.0021"
          android:type="linear">
        <item android:offset="0" android:color="#FF00A0FF"/>
        <item android:offset="1" android:color="#FF0EA1FD"/>
      </gradient>
    </aapt:attr>
  </path>
  <path
      android:pathData="M12,29H8c-0.6,0 -1,-0.4 -1,-1l0,0c0,-0.6 0.4,-1 1,-1h4c0.6,0 1,0.4 1,1l0,0C13,28.6 12.6,29 12,29z">
    <aapt:attr name="android:fillColor">
      <gradient 
          android:startY="26.9958"
          android:startX="9.9979"
          android:endY="29.0042"
          android:endX="10.0021"
          android:type="linear">
        <item android:offset="0" android:color="#FF00A0FF"/>
        <item android:offset="1" android:color="#FF0EA1FD"/>
      </gradient>
    </aapt:attr>
  </path>
  <path
      android:pathData="M10,10L10,10c-0.6,0 -1,0.4 -1,1v17c0,0.6 0.4,1 1,1l0,0c0.6,0 1,-0.4 1,-1V11C11,10.4 10.6,10 10,10z">
    <aapt:attr name="android:fillColor">
      <gradient 
          android:startY="10"
          android:startX="9.9806"
          android:endY="29"
          android:endX="10.0194"
          android:type="linear">
        <item android:offset="0" android:color="#FF00A0FF"/>
        <item android:offset="1" android:color="#FF0EA1FD"/>
      </gradient>
    </aapt:attr>
  </path>
  <path
      android:pathData="M36,13.9H14c-0.6,0 -1,-0.4 -1,-1l0,0c0,-0.6 0.4,-1 1,-1h22c0.6,0 1,0.4 1,1l0,0C37,13.5 36.6,13.9 36,13.9z">
    <aapt:attr name="android:fillColor">
      <gradient 
          android:startY="11.8818"
          android:startX="24.9979"
          android:endY="13.927"
          android:endX="25.0021"
          android:type="linear">
        <item android:offset="0" android:color="#FF00A0FF"/>
        <item android:offset="1" android:color="#FF0EA1FD"/>
      </gradient>
    </aapt:attr>
  </path>
  <path
      android:pathData="M36,26.9H14c-0.6,0 -1,-0.4 -1,-1l0,0c0,-0.6 0.4,-1 1,-1h22c0.6,0 1,0.4 1,1l0,0C37,26.5 36.6,26.9 36,26.9z">
    <aapt:attr name="android:fillColor">
      <gradient 
          android:startY="24.8818"
          android:startX="24.9979"
          android:endY="26.927"
          android:endX="25.0021"
          android:type="linear">
        <item android:offset="0" android:color="#FF00A0FF"/>
        <item android:offset="1" android:color="#FF0EA1FD"/>
      </gradient>
    </aapt:attr>
  </path>
</vector>
