<vector xmlns:android="http://schemas.android.com/apk/res/android"
    xmlns:aapt="http://schemas.android.com/aapt"
    android:width="39dp"
    android:height="39dp"
    android:viewportWidth="39"
    android:viewportHeight="39">
  <path
      android:pathData="M35,4h-4V3c0,-0.6 -0.4,-1 -1,-1c-0.6,0 -1,0.4 -1,1v4c0,0.6 0.4,1 1,1c0.6,0 1,-0.4 1,-1V6h3v4H4V6h2c0.6,0 1,-0.4 1,-1S6.6,4 6,4H3C2.4,4 2,4.4 2,5v30c0,0.6 0.4,1 1,1h32c0.6,0 1,-0.4 1,-1V5C36,4.4 35.6,4 35,4zM34,34H4V12h30V34z">
    <aapt:attr name="android:fillColor">
      <gradient 
          android:startY="2"
          android:startX="19"
          android:endY="36"
          android:endX="19"
          android:type="linear">
        <item android:offset="0" android:color="#FF2AA3F9"/>
        <item android:offset="1" android:color="#FF35A4F8"/>
      </gradient>
    </aapt:attr>
  </path>
  <path
      android:pathData="M10,8c0.6,0 1,-0.4 1,-1V6h15c0.6,0 1,-0.4 1,-1s-0.4,-1 -1,-1H11V3c0,-0.6 -0.4,-1 -1,-1C9.4,2 9,2.4 9,3v4C9,7.6 9.4,8 10,8z">
    <aapt:attr name="android:fillColor">
      <gradient 
          android:startY="2"
          android:startX="18"
          android:endY="8"
          android:endX="18"
          android:type="linear">
        <item android:offset="0" android:color="#FF2AA3F9"/>
        <item android:offset="1" android:color="#FF35A4F8"/>
      </gradient>
    </aapt:attr>
  </path>
  <path
      android:pathData="M8,21h4c0.6,0 1,-0.4 1,-1v-4c0,-0.6 -0.4,-1 -1,-1H8c-0.6,0 -1,0.4 -1,1v4C7,20.6 7.4,21 8,21zM9,17h2v2H9V17z">
    <aapt:attr name="android:fillColor">
      <gradient 
          android:startY="15"
          android:startX="10"
          android:endY="21"
          android:endX="10"
          android:type="linear">
        <item android:offset="0" android:color="#FF2AA3F9"/>
        <item android:offset="1" android:color="#FF35A4F8"/>
      </gradient>
    </aapt:attr>
  </path>
  <path
      android:pathData="M8,30h4c0.6,0 1,-0.4 1,-1v-4c0,-0.6 -0.4,-1 -1,-1H8c-0.6,0 -1,0.4 -1,1v4C7,29.6 7.4,30 8,30zM9,26h2v2H9V26z">
    <aapt:attr name="android:fillColor">
      <gradient 
          android:startY="24"
          android:startX="10"
          android:endY="30"
          android:endX="10"
          android:type="linear">
        <item android:offset="0" android:color="#FF2AA3F9"/>
        <item android:offset="1" android:color="#FF35A4F8"/>
      </gradient>
    </aapt:attr>
  </path>
  <path
      android:pathData="M17,21h4c0.6,0 1,-0.4 1,-1v-4c0,-0.6 -0.4,-1 -1,-1h-4c-0.6,0 -1,0.4 -1,1v4C16,20.6 16.4,21 17,21zM18,17h2v2h-2V17z">
    <aapt:attr name="android:fillColor">
      <gradient 
          android:startY="15"
          android:startX="19"
          android:endY="21"
          android:endX="19"
          android:type="linear">
        <item android:offset="0" android:color="#FF2AA3F9"/>
        <item android:offset="1" android:color="#FF35A4F8"/>
      </gradient>
    </aapt:attr>
  </path>
  <path
      android:pathData="M17,30h4c0.6,0 1,-0.4 1,-1v-4c0,-0.6 -0.4,-1 -1,-1h-4c-0.6,0 -1,0.4 -1,1v4C16,29.6 16.4,30 17,30zM18,26h2v2h-2V26z">
    <aapt:attr name="android:fillColor">
      <gradient 
          android:startY="24"
          android:startX="19"
          android:endY="30"
          android:endX="19"
          android:type="linear">
        <item android:offset="0" android:color="#FF2AA3F9"/>
        <item android:offset="1" android:color="#FF35A4F8"/>
      </gradient>
    </aapt:attr>
  </path>
  <path
      android:pathData="M26,21h4c0.6,0 1,-0.4 1,-1v-4c0,-0.6 -0.4,-1 -1,-1h-4c-0.6,0 -1,0.4 -1,1v4C25,20.6 25.4,21 26,21zM27,17h2v2h-2V17z">
    <aapt:attr name="android:fillColor">
      <gradient 
          android:startY="15"
          android:startX="28"
          android:endY="21"
          android:endX="28"
          android:type="linear">
        <item android:offset="0" android:color="#FF2AA3F9"/>
        <item android:offset="1" android:color="#FF35A4F8"/>
      </gradient>
    </aapt:attr>
  </path>
  <path
      android:pathData="M26,30h4c0.6,0 1,-0.4 1,-1v-4c0,-0.6 -0.4,-1 -1,-1h-4c-0.6,0 -1,0.4 -1,1v4C25,29.6 25.4,30 26,30zM27,26h2v2h-2V26z">
    <aapt:attr name="android:fillColor">
      <gradient 
          android:startY="24"
          android:startX="28"
          android:endY="30"
          android:endX="28"
          android:type="linear">
        <item android:offset="0" android:color="#FF2AA3F9"/>
        <item android:offset="1" android:color="#FF35A4F8"/>
      </gradient>
    </aapt:attr>
  </path>
</vector>
