<vector xmlns:android="http://schemas.android.com/apk/res/android"
    xmlns:aapt="http://schemas.android.com/aapt"
    android:width="39dp"
    android:height="39dp"
    android:viewportWidth="39"
    android:viewportHeight="39">
  <path
      android:pathData="M34,34H5c-0.6,0 -1,0.4 -1,1c0,0.6 0.4,1 1,1h29c0.6,0 1,-0.4 1,-1C35,34.4 34.6,34 34,34z">
    <aapt:attr name="android:fillColor">
      <gradient 
          android:startY="3.6471"
          android:startX="19.5"
          android:endY="31.8077"
          android:endX="19.5"
          android:type="linear">
        <item android:offset="0" android:color="#FF00A0FF"/>
        <item android:offset="1" android:color="#FF42A5F6"/>
      </gradient>
    </aapt:attr>
  </path>
  <path
      android:pathData="M8.3,31.2l5.8,-1.3c0.2,0 0.8,-0.2 0.9,-0.3l17.8,-17.7c0.3,-0.3 0.3,-0.8 0,-1.1l-4.6,-4.6C28,6.1 27.8,6 27.6,6c-0.2,0 -0.4,0.1 -0.5,0.2L9.3,24C9.2,24.1 9,24.4 9,24.7l-1.3,6C7.7,31 8,31.2 8.3,31.2zM24.8,11.4l2.8,2.8L15,26.8L12.1,24c0,0 0,0 0,0L24.8,11.4C24.8,11.4 24.8,11.4 24.8,11.4zM27.6,8.5l2.8,2.8L29,12.8L26.2,10c0,0 0,0 0,0L27.6,8.5zM10.8,25.5l2.5,2.5l-3.2,0.7L10.8,25.5z">
    <aapt:attr name="android:fillColor">
      <gradient 
          android:startY="3.6471"
          android:startX="20.353"
          android:endY="31.8077"
          android:endX="20.353"
          android:type="linear">
        <item android:offset="0" android:color="#FF00A0FF"/>
        <item android:offset="1" android:color="#FF42A5F6"/>
      </gradient>
    </aapt:attr>
  </path>
</vector>
