<vector xmlns:android="http://schemas.android.com/apk/res/android"
    xmlns:aapt="http://schemas.android.com/aapt"
    android:width="39dp"
    android:height="39dp"
    android:viewportWidth="39"
    android:viewportHeight="39">
  <path
      android:pathData="M35,12H5c-0.6,0 -1,0.4 -1,1v6c0,0.6 0.4,1 1,1h30c0.6,0 1,-0.4 1,-1v-6C36,12.4 35.6,12 35,12zM34,18H6v-4h28V18z">
    <aapt:attr name="android:fillColor">
      <gradient 
          android:startY="16"
          android:startX="4"
          android:endY="16"
          android:endX="36"
          android:type="linear">
        <item android:offset="0" android:color="#FF00A0FF"/>
        <item android:offset="1" android:color="#FF42A5F6"/>
      </gradient>
    </aapt:attr>
  </path>
  <path
      android:pathData="M35,28H5c-0.6,0 -1,0.4 -1,1v6c0,0.6 0.4,1 1,1h30c0.6,0 1,-0.4 1,-1v-6C36,28.4 35.6,28 35,28zM34,34H6v-4h28V34z">
    <aapt:attr name="android:fillColor">
      <gradient 
          android:startY="32"
          android:startX="4"
          android:endY="32"
          android:endX="36"
          android:type="linear">
        <item android:offset="0" android:color="#FF00A0FF"/>
        <item android:offset="1" android:color="#FF42A5F6"/>
      </gradient>
    </aapt:attr>
  </path>
  <path
      android:pathData="M35,4H5C4.4,4 4,4.4 4,5v5c0,0.6 0.4,1 1,1s1,-0.4 1,-1V6h8v4c0,0.6 0.4,1 1,1s1,-0.4 1,-1V6h8v4c0,0.6 0.4,1 1,1s1,-0.4 1,-1V6h8v4c0,0.6 0.4,1 1,1s1,-0.4 1,-1V5C36,4.4 35.6,4 35,4z">
    <aapt:attr name="android:fillColor">
      <gradient 
          android:startY="7.5"
          android:startX="4"
          android:endY="7.5"
          android:endX="36"
          android:type="linear">
        <item android:offset="0" android:color="#FF00A0FF"/>
        <item android:offset="1" android:color="#FF42A5F6"/>
      </gradient>
    </aapt:attr>
  </path>
  <path
      android:pathData="M26,26v-4c0,-0.6 -0.4,-1 -1,-1s-1,0.4 -1,1v4c0,0.6 0.4,1 1,1S26,26.6 26,26z">
    <aapt:attr name="android:fillColor">
      <gradient 
          android:startY="24.0003"
          android:startX="24"
          android:endY="24.0003"
          android:endX="26"
          android:type="linear">
        <item android:offset="0" android:color="#FF00A0FF"/>
        <item android:offset="1" android:color="#FF42A5F6"/>
      </gradient>
    </aapt:attr>
  </path>
  <path
      android:pathData="M16,26v-4c0,-0.6 -0.4,-1 -1,-1s-1,0.4 -1,1v4c0,0.6 0.4,1 1,1S16,26.6 16,26z">
    <aapt:attr name="android:fillColor">
      <gradient 
          android:startY="23.9999"
          android:startX="14"
          android:endY="23.9999"
          android:endX="16"
          android:type="linear">
        <item android:offset="0" android:color="#FF00A0FF"/>
        <item android:offset="1" android:color="#FF42A5F6"/>
      </gradient>
    </aapt:attr>
  </path>
  <path
      android:pathData="M5,27c0.6,0 1,-0.4 1,-1v-4c0,-0.6 -0.4,-1 -1,-1s-1,0.4 -1,1v4C4,26.6 4.4,27 5,27z">
    <aapt:attr name="android:fillColor">
      <gradient 
          android:startY="23.9999"
          android:startX="4"
          android:endY="23.9999"
          android:endX="6"
          android:type="linear">
        <item android:offset="0" android:color="#FF00A0FF"/>
        <item android:offset="1" android:color="#FF42A5F6"/>
      </gradient>
    </aapt:attr>
  </path>
  <path
      android:pathData="M35,21c-0.6,0 -1,0.4 -1,1v4c0,0.6 0.4,1 1,1s1,-0.4 1,-1v-4C36,21.4 35.6,21 35,21z">
    <aapt:attr name="android:fillColor">
      <gradient 
          android:startY="23.9999"
          android:startX="34"
          android:endY="23.9999"
          android:endX="36"
          android:type="linear">
        <item android:offset="0" android:color="#FF00A0FF"/>
        <item android:offset="1" android:color="#FF42A5F6"/>
      </gradient>
    </aapt:attr>
  </path>
</vector>
