<vector xmlns:android="http://schemas.android.com/apk/res/android"
    xmlns:aapt="http://schemas.android.com/aapt"
    android:width="39dp"
    android:height="39dp"
    android:viewportWidth="39"
    android:viewportHeight="39">
  <path
      android:pathData="M31.8,27.2c-1.4,0 -2.7,0.6 -3.7,1.6l-0.4,0.4c-0.4,0.4 -0.4,1.1 0,1.5c0.4,0.3 0.9,0.3 1.3,0l0.5,-0.4c0.7,-0.7 1.5,-1 2.3,-1c2,0 3.7,2 3.2,4.2c-0.3,1.2 -1.3,2.2 -2.5,2.5c-1.1,0.2 -2.2,-0.1 -3,-0.9l-2.6,-2.4h0l-1.4,-1.4l0,0l-2.7,-2.5c-0.9,-1 -2.2,-1.5 -3.6,-1.5c-2.9,0 -5.2,2.4 -5.2,5.4s2.3,5.4 5.2,5.4c1.4,0 2.7,-0.6 3.7,-1.6l0.4,-0.4c0.4,-0.4 0.4,-1.1 0,-1.5c-0.4,-0.3 -0.9,-0.3 -1.3,0L21.5,35c-0.7,0.7 -1.5,1 -2.3,1c-2,0 -3.7,-2 -3.2,-4.2c0.3,-1.2 1.3,-2.2 2.5,-2.5c1.1,-0.2 2.2,0.1 3,0.9l2.6,2.4h0l1.5,1.3l2.7,2.5c1.3,1.3 3.2,1.9 5.2,1.3c1.8,-0.6 3.3,-2.3 3.5,-4.3C37.4,30.2 34.9,27.2 31.8,27.2z">
    <aapt:attr name="android:fillColor">
      <gradient 
          android:startY="2.6471"
          android:startX="25.4945"
          android:endY="36.1416"
          android:endX="25.4945"
          android:type="linear">
        <item android:offset="0" android:color="#FF00A0FF"/>
        <item android:offset="1" android:color="#FF42A5F6"/>
      </gradient>
    </aapt:attr>
  </path>
  <path
      android:pathData="M6,25.2v-0.4c1.7,1.3 4.5,2.4 7.8,2.9c0.6,0.1 1.2,-0.4 1.2,-1v0c0,-0.5 -0.4,-0.9 -0.9,-1c-5,-0.8 -8.1,-2.8 -8.1,-4.2c0,0 0,0 0,0h0v-3.3v-0.4c2.5,1.9 7.2,3.2 12.5,3.2c5.4,0 10,-1.3 12.6,-3.3v0.5c0,0 0,0 -0.1,0v3.3h0c0,0 0,0 0,0c0,1.4 -3.1,3.4 -8.1,4.2c-0.5,0.1 -0.9,0.5 -0.9,1v0c0,0.6 0.6,1.1 1.2,1c3.4,-0.5 6.1,-1.6 7.9,-2.9v0.3c0,0.5 0.4,0.9 0.9,0.9s0.9,-0.4 0.9,-0.9v-3c0,-0.2 0.1,-0.4 0.1,-0.5c0,-0.2 0,-0.3 -0.1,-0.5v-6c0,-0.2 0.1,-0.3 0.1,-0.5c0,-0.2 0,-0.3 -0.1,-0.5V8.4c0,-0.1 0,-0.1 0,-0.2C33,8 33,7.7 33,7.5C33,3.9 26.5,1 18.5,1C10.5,1 4,3.9 4,7.5h0v21c0,2.3 2.7,4.3 6.7,5.5c0.6,0.2 1.3,-0.3 1.3,-1c0,-0.5 -0.3,-0.8 -0.7,-1C8,31.1 6,29.6 6,28.5h0v0V25.2zM18.5,3C26,3 31,5.7 31,7.5S26,12 18.5,12C11,12 6,9.3 6,7.5S11,3 18.5,3zM6,11.2v-0.4c2.5,1.9 7.2,3.2 12.5,3.2c5.4,0 10,-1.3 12.6,-3.3v0.5c0,0 0,0 -0.1,0v3.3h0c-0.1,1.8 -5,4.5 -12.5,4.5C11,19 6.1,16.3 6,14.5h0V11.2z">
    <aapt:attr name="android:fillColor">
      <gradient 
          android:startY="2.6471"
          android:startX="18.5"
          android:endY="36.1416"
          android:endX="18.5"
          android:type="linear">
        <item android:offset="0" android:color="#FF00A0FF"/>
        <item android:offset="1" android:color="#FF42A5F6"/>
      </gradient>
    </aapt:attr>
  </path>
</vector>
