<vector xmlns:android="http://schemas.android.com/apk/res/android"
    xmlns:aapt="http://schemas.android.com/aapt"
    android:width="39dp"
    android:height="39dp"
    android:viewportWidth="39"
    android:viewportHeight="39">
  <path
      android:pathData="M33.7,9.6l-3.9,-4.1c-0.4,-0.4 -1,-0.4 -1.4,0C28,6 28,6.6 28.4,7l2.2,2.4h-6.8C23.5,5.8 20.6,3 16.9,3C13.1,3 10,6.1 10,9.9c0,1.2 0.3,2.3 0.9,3.3c0,0 0,0.1 0,0.1c0,0 0,0 0,0.1l0,0c0,0.1 0.1,0.1 0.1,0.2c0.4,0.4 1,0.4 1.4,0c0.3,-0.3 0.4,-0.8 0.1,-1.2l0,0c-0.4,-0.7 -0.7,-1.6 -0.7,-2.5C12,7.2 14.2,5 16.9,5c2.7,0 4.9,2.2 4.9,4.9c0,0.9 -0.3,1.7 -0.7,2.4l0,0c-0.2,0.4 -0.2,0.9 0.1,1.2c0.4,0.4 1,0.4 1.4,0c0.1,-0.1 0.1,-0.1 0.1,-0.2l0,0c0,0 0,-0.1 0.1,-0.1c0,0 0,0 0,0c0.3,-0.6 0.5,-1.2 0.7,-1.8h6.9l-2.1,1.9c-0.4,0.4 -0.4,1 0,1.4c0.4,0.4 1,0.4 1.4,0l3.9,-3.7C34.1,10.7 34.1,10 33.7,9.6z">
    <aapt:attr name="android:fillColor">
      <gradient 
          android:startY="3.6471"
          android:startX="22"
          android:endY="31.8077"
          android:endX="22"
          android:type="linear">
        <item android:offset="0" android:color="#FF00A0FF"/>
        <item android:offset="1" android:color="#FF42A5F6"/>
      </gradient>
    </aapt:attr>
  </path>
  <path
      android:pathData="M31.1,20c-1.6,-0.7 -2.7,0.4 -2.7,0.4s-0.4,-1.6 -1.8,-1.9c-1.7,-0.4 -2.5,0.6 -2.5,0.6s-0.2,-1.8 -1.7,-2C20.5,16.7 20,18 20,18s0,-5.8 0,-7.9C20,8.6 19,7 16.7,7C15,7 14,8.6 14,10.1c0,2.1 0,15.6 0,15.6s-1.3,-1 -3.2,-2.2C9.5,22.6 8,23 7.3,23.6c-0.6,0.5 -1.3,2.2 0.2,4.3c0.7,1 5.1,6.1 6.9,8.1c0.5,0.6 1.4,1 2.2,1l9.9,-0.1c1,0 2,-0.6 2.4,-1.6C30.5,31.4 34.6,21.5 31.1,20zM27.6,33.5c-0.3,0.8 -0.8,1.4 -1.7,1.4l-9,0c-0.7,0 -1.1,-0.2 -1.5,-0.7c-1.5,-1.7 -4.4,-5.3 -5.1,-6.1c-1.4,-1.7 -2.2,-2.6 -1.6,-3.1c0.6,-0.6 2.3,0.6 3.3,1.5c0.7,0.5 1.6,1.3 2.3,1.9c0.7,0.6 1.7,0.2 1.7,-0.8V10c0,-1 1,-1 1,-1s1,0 1,1c0,1.1 0,6.6 0,10.8c0,1 1.4,1.3 1.8,0.4c0.6,-1.3 1.2,-2.3 1.9,-2.2c0.6,0.1 0.7,1.2 0.7,2.7c0,1 1.4,1.4 1.9,0.5c0.6,-1.1 1,-1.9 1.7,-1.8c0.6,0.1 0.6,1.1 0.7,2.4c0,1 1.3,1.3 1.8,0.5c0.5,-0.9 1.1,-1.6 1.6,-1.4C31.6,22.3 29,30.1 27.6,33.5z">
    <aapt:attr name="android:fillColor">
      <gradient 
          android:startY="3.6471"
          android:startX="19.5284"
          android:endY="31.8077"
          android:endX="19.5284"
          android:type="linear">
        <item android:offset="0" android:color="#FF00A0FF"/>
        <item android:offset="1" android:color="#FF42A5F6"/>
      </gradient>
    </aapt:attr>
  </path>
</vector>
