<vector xmlns:android="http://schemas.android.com/apk/res/android"
    xmlns:aapt="http://schemas.android.com/aapt"
    android:width="39dp"
    android:height="39dp"
    android:viewportWidth="39"
    android:viewportHeight="39">
  <path
      android:pathData="M3,11c0.6,0 1,-0.4 1,-1V8c0,-0.6 -0.4,-1 -1,-1C2.4,7 2,7.4 2,8v2C2,10.6 2.4,11 3,11z">
    <aapt:attr name="android:fillColor">
      <gradient 
          android:startY="3.6471"
          android:startX="3"
          android:endY="31.8077"
          android:endX="3"
          android:type="linear">
        <item android:offset="0" android:color="#FF00A0FF"/>
        <item android:offset="1" android:color="#FF42A5F6"/>
      </gradient>
    </aapt:attr>
  </path>
  <path
      android:pathData="M3,16c0.6,0 1,-0.4 1,-1v-2c0,-0.6 -0.4,-1 -1,-1c-0.6,0 -1,0.4 -1,1v2C2,15.6 2.4,16 3,16z">
    <aapt:attr name="android:fillColor">
      <gradient 
          android:startY="3.6471"
          android:startX="3"
          android:endY="31.8077"
          android:endX="3"
          android:type="linear">
        <item android:offset="0" android:color="#FF00A0FF"/>
        <item android:offset="1" android:color="#FF42A5F6"/>
      </gradient>
    </aapt:attr>
  </path>
  <path
      android:pathData="M3,21c0.6,0 1,-0.4 1,-1v-2c0,-0.6 -0.4,-1 -1,-1c-0.6,0 -1,0.4 -1,1v2C2,20.6 2.4,21 3,21z">
    <aapt:attr name="android:fillColor">
      <gradient 
          android:startY="3.6471"
          android:startX="3"
          android:endY="31.8077"
          android:endX="3"
          android:type="linear">
        <item android:offset="0" android:color="#FF00A0FF"/>
        <item android:offset="1" android:color="#FF42A5F6"/>
      </gradient>
    </aapt:attr>
  </path>
  <path
      android:pathData="M23,5c-0.6,0 -1,0.4 -1,1v2c0,0.6 0.4,1 1,1c0.6,0 1,-0.4 1,-1V6C24,5.4 23.6,5 23,5z">
    <aapt:attr name="android:fillColor">
      <gradient 
          android:startY="3.6471"
          android:startX="23"
          android:endY="31.8077"
          android:endX="23"
          android:type="linear">
        <item android:offset="0" android:color="#FF00A0FF"/>
        <item android:offset="1" android:color="#FF42A5F6"/>
      </gradient>
    </aapt:attr>
  </path>
  <path
      android:pathData="M11,4h2c0.6,0 1,-0.4 1,-1s-0.4,-1 -1,-1h-2c-0.6,0 -1,0.4 -1,1S10.4,4 11,4z">
    <aapt:attr name="android:fillColor">
      <gradient 
          android:startY="3.6471"
          android:startX="12"
          android:endY="31.8077"
          android:endX="12"
          android:type="linear">
        <item android:offset="0" android:color="#FF00A0FF"/>
        <item android:offset="1" android:color="#FF42A5F6"/>
      </gradient>
    </aapt:attr>
  </path>
  <path
      android:pathData="M16,4h2c0.6,0 1,-0.4 1,-1s-0.4,-1 -1,-1h-2c-0.6,0 -1,0.4 -1,1S15.4,4 16,4z">
    <aapt:attr name="android:fillColor">
      <gradient 
          android:startY="3.6471"
          android:startX="17"
          android:endY="31.8077"
          android:endX="17"
          android:type="linear">
        <item android:offset="0" android:color="#FF00A0FF"/>
        <item android:offset="1" android:color="#FF42A5F6"/>
      </gradient>
    </aapt:attr>
  </path>
  <path
      android:pathData="M21,4h2c0.6,0 1,-0.4 1,-1s-0.4,-1 -1,-1h-2c-0.6,0 -1,0.4 -1,1S20.4,4 21,4z">
    <aapt:attr name="android:fillColor">
      <gradient 
          android:startY="3.6471"
          android:startX="22"
          android:endY="31.8077"
          android:endX="22"
          android:type="linear">
        <item android:offset="0" android:color="#FF00A0FF"/>
        <item android:offset="1" android:color="#FF42A5F6"/>
      </gradient>
    </aapt:attr>
  </path>
  <path
      android:pathData="M5,22H3c-0.6,0 -1,0.4 -1,1s0.4,1 1,1h2c0.6,0 1,-0.4 1,-1S5.6,22 5,22z">
    <aapt:attr name="android:fillColor">
      <gradient 
          android:startY="3.6471"
          android:startX="4"
          android:endY="31.8077"
          android:endX="4"
          android:type="linear">
        <item android:offset="0" android:color="#FF00A0FF"/>
        <item android:offset="1" android:color="#FF42A5F6"/>
      </gradient>
    </aapt:attr>
  </path>
  <path
      android:pathData="M9,3c0,-0.6 -0.4,-1 -1,-1H6C5.4,2 5,2.4 5,3s0.4,1 1,1h2C8.6,4 9,3.6 9,3z">
    <aapt:attr name="android:fillColor">
      <gradient 
          android:startY="3.6471"
          android:startX="7"
          android:endY="31.8077"
          android:endX="7"
          android:type="linear">
        <item android:offset="0" android:color="#FF00A0FF"/>
        <item android:offset="1" android:color="#FF42A5F6"/>
      </gradient>
    </aapt:attr>
  </path>
  <path
      android:pathData="M3,6c0.6,0 1,-0.4 1,-1V3c0,-0.6 -0.4,-1 -1,-1C2.4,2 2,2.4 2,3v2C2,5.6 2.4,6 3,6z">
    <aapt:attr name="android:fillColor">
      <gradient 
          android:startY="3.6471"
          android:startX="3"
          android:endY="31.8077"
          android:endX="3"
          android:type="linear">
        <item android:offset="0" android:color="#FF00A0FF"/>
        <item android:offset="1" android:color="#FF42A5F6"/>
      </gradient>
    </aapt:attr>
  </path>
  <path
      android:pathData="M36,15h-5.2c-0.7,-2.7 -1.9,-5 -3.9,-4.9c-1.6,0 -2,1 -2,1s-0.6,-1.3 -2.3,-1.1c-1.6,0.1 -2,1.5 -2,1.5s-1.2,-1.7 -3,-1.3c-1.7,0.4 -1.9,2.2 -1.9,2.2s-1.6,-1.4 -3.6,-0.4c-1.5,0.8 -1.6,2.7 -1.1,4c0.4,1.1 1.2,2.5 1.2,2.5s-0.8,0 -1.5,0.6c-0.4,0.3 -1,1.4 -0.8,2.9H8c-0.6,0 -1,0.4 -1,1s0.4,1 1,1h2c0.2,0 0.3,-0.1 0.5,-0.1c0.4,0.9 1,1.9 2,3c0.7,0.7 1.6,1.4 2.5,2V36c0,0.6 0.4,1 1,1h20c0.6,0 1,-0.4 1,-1V16C37,15.4 36.6,15 36,15zM12.4,20.4c1,-0.5 1.2,0.5 1.9,1.6c0.4,0.5 0.8,1.7 1.4,1.9c0.9,0.3 1.6,-0.6 1.2,-1.5l-3.9,-6.7c-0.6,-1.6 -0.2,-1.9 0.2,-2.1c0.4,-0.2 1.5,-0.1 2.8,2.3c0.5,0.9 1.8,0.6 1.8,-0.4c0,-1.4 -0.7,-3.1 0.3,-3.4c0.8,-0.2 1.3,1.1 2,2.3c0.5,0.9 1.9,0.6 1.9,-0.4c0,-1.3 0.3,-2 0.8,-2c0.7,-0.1 0.9,1 1.5,2.1c0.5,0.9 1.8,0.6 1.8,-0.4c0,-1.1 0.3,-1.4 0.8,-1.5c1.3,-0.2 2.4,5.8 2.8,9.4c0.1,1.1 0,2.8 -1.3,3.5l-7.2,3.8c-0.6,0.3 -1.4,0.3 -2,0.1c-2.2,-0.8 -3.9,-1.9 -4.9,-2.8C11.5,23.1 11.7,20.8 12.4,20.4zM35,35H17v-5c0.5,0.3 1.1,0.5 1.6,0.7c1.4,0.6 3.2,0.2 3.9,-0.2l7.1,-3.7c2,-1.2 2.4,-3.3 2.3,-4.3c-0.1,-1.5 -0.3,-3.5 -0.7,-5.4H35V35z">
    <aapt:attr name="android:fillColor">
      <gradient 
          android:startY="3.6471"
          android:startX="22"
          android:endY="31.8077"
          android:endX="22"
          android:type="linear">
        <item android:offset="0" android:color="#FF00A0FF"/>
        <item android:offset="1" android:color="#FF42A5F6"/>
      </gradient>
    </aapt:attr>
  </path>
</vector>
