<vector xmlns:android="http://schemas.android.com/apk/res/android"
    xmlns:aapt="http://schemas.android.com/aapt"
    android:width="39dp"
    android:height="39dp"
    android:viewportWidth="39"
    android:viewportHeight="39">
  <path
      android:pathData="M74.1,24.4"
      android:strokeWidth="2"
      android:fillColor="#00000000"
      android:strokeColor="#000000"/>
  <path
      android:pathData="M6,14h24.6l-3.9,3.9c-0.4,0.4 -0.4,1 0,1.4c0.4,0.4 1,0.4 1.4,0l5.7,-5.7c0.1,-0.1 0.2,-0.2 0.2,-0.3c0.1,-0.2 0.1,-0.5 0,-0.8c-0.1,-0.1 -0.1,-0.2 -0.2,-0.3l-5.7,-5.7c-0.4,-0.4 -1,-0.4 -1.4,0s-0.4,1 0,1.4l3.9,3.9H6c-0.6,0 -1,0.4 -1,1S5.4,14 6,14z">
    <aapt:attr name="android:fillColor">
      <gradient 
          android:startY="13"
          android:startX="5"
          android:endY="13"
          android:endX="33.9988"
          android:type="linear">
        <item android:offset="0" android:color="#FF00A0FF"/>
        <item android:offset="1" android:color="#FF0EA1FD"/>
      </gradient>
    </aapt:attr>
  </path>
  <path
      android:pathData="M33,25H8.4l3.9,-3.9c0.4,-0.4 0.4,-1 0,-1.4s-1,-0.4 -1.4,0l-5.7,5.7c-0.1,0.1 -0.2,0.2 -0.2,0.3c-0.1,0.2 -0.1,0.5 0,0.8c0.1,0.1 0.1,0.2 0.2,0.3l5.7,5.7c0.4,0.4 1,0.4 1.4,0c0.4,-0.4 0.4,-1 0,-1.4L8.4,27H33c0.6,0 1,-0.4 1,-1S33.6,25 33,25z">
    <aapt:attr name="android:fillColor">
      <gradient 
          android:startY="26"
          android:startX="5.0012"
          android:endY="26"
          android:endX="34"
          android:type="linear">
        <item android:offset="0" android:color="#FF00A0FF"/>
        <item android:offset="1" android:color="#FF0EA1FD"/>
      </gradient>
    </aapt:attr>
  </path>
</vector>
