<vector xmlns:android="http://schemas.android.com/apk/res/android"
    xmlns:aapt="http://schemas.android.com/aapt"
    android:width="39dp"
    android:height="39dp"
    android:viewportWidth="39"
    android:viewportHeight="39">
  <path
      android:pathData="M37,11C37,11 37,11 37,11l0,-4c0,0 0,0 0,0c0,-0.6 -0.4,-1 -1,-1H17V5c0,-0.6 -0.4,-1 -1,-1H3C2.4,4 2,4.4 2,5v30c0,0.6 0.4,1 1,1h33c0.6,0 1,-0.4 1,-1c0,0 0,0 0,0L37,11C37,11 37,11 37,11zM15,11c0,0.6 0.4,1 1,1h19v22H4V6h11V11zM27,10V8h8v2H27zM25,8v2h-8V8H25z">
    <aapt:attr name="android:fillColor">
      <gradient 
          android:startY="1.1176"
          android:startX="19.5"
          android:endY="36.2577"
          android:endX="19.5"
          android:type="linear">
        <item android:offset="0" android:color="#FF00A0FF"/>
        <item android:offset="1" android:color="#FF42A5F6"/>
      </gradient>
    </aapt:attr>
  </path>
  <path
      android:pathData="M16,31m-1,0a1,1 0,1 1,2 0a1,1 0,1 1,-2 0">
    <aapt:attr name="android:fillColor">
      <gradient 
          android:startY="1.1176"
          android:startX="16"
          android:endY="36.2577"
          android:endX="16"
          android:type="linear">
        <item android:offset="0" android:color="#FF00A0FF"/>
        <item android:offset="1" android:color="#FF42A5F6"/>
      </gradient>
    </aapt:attr>
  </path>
  <path
      android:pathData="M20,31m-1,0a1,1 0,1 1,2 0a1,1 0,1 1,-2 0">
    <aapt:attr name="android:fillColor">
      <gradient 
          android:startY="1.1176"
          android:startX="20"
          android:endY="36.2577"
          android:endX="20"
          android:type="linear">
        <item android:offset="0" android:color="#FF00A0FF"/>
        <item android:offset="1" android:color="#FF42A5F6"/>
      </gradient>
    </aapt:attr>
  </path>
  <path
      android:pathData="M24,31m-1,0a1,1 0,1 1,2 0a1,1 0,1 1,-2 0">
    <aapt:attr name="android:fillColor">
      <gradient 
          android:startY="1.1176"
          android:startX="24"
          android:endY="36.2577"
          android:endX="24"
          android:type="linear">
        <item android:offset="0" android:color="#FF00A0FF"/>
        <item android:offset="1" android:color="#FF42A5F6"/>
      </gradient>
    </aapt:attr>
  </path>
</vector>
