<vector xmlns:android="http://schemas.android.com/apk/res/android"
    xmlns:aapt="http://schemas.android.com/aapt"
    android:width="39dp"
    android:height="39dp"
    android:viewportWidth="39"
    android:viewportHeight="39">
  <path
      android:pathData="M15,23.5h4v4c0,0.6 0.4,1 1,1c0.6,0 1,-0.4 1,-1v-4h4c0.6,0 1,-0.4 1,-1s-0.4,-1 -1,-1h-4v-4c0,-0.6 -0.4,-1 -1,-1c-0.6,0 -1,0.4 -1,1v4h-4c-0.6,0 -1,0.4 -1,1S14.4,23.5 15,23.5z">
    <aapt:attr name="android:fillColor">
      <gradient 
          android:startY="1.1176"
          android:startX="20"
          android:endY="36.2577"
          android:endX="20"
          android:type="linear">
        <item android:offset="0" android:color="#FF00A0FF"/>
        <item android:offset="1" android:color="#FF42A5F6"/>
      </gradient>
    </aapt:attr>
  </path>
  <path
      android:pathData="M36,6H17V5c0,-0.6 -0.4,-1 -1,-1H3C2.4,4 2,4.4 2,5v30c0,0.6 0.4,1 1,1h33c0.6,0 1,-0.4 1,-1V7C37,6.4 36.6,6 36,6zM15,11c0,0.6 0.4,1 1,1h19v22H4V6h11V11zM27,10V8h8v2H27zM25,8v2h-8V8H25z">
    <aapt:attr name="android:fillColor">
      <gradient 
          android:startY="1.1176"
          android:startX="19.5"
          android:endY="36.2577"
          android:endX="19.5"
          android:type="linear">
        <item android:offset="0" android:color="#FF00A0FF"/>
        <item android:offset="1" android:color="#FF42A5F6"/>
      </gradient>
    </aapt:attr>
  </path>
</vector>
