<vector xmlns:android="http://schemas.android.com/apk/res/android"
    xmlns:aapt="http://schemas.android.com/aapt"
    android:width="39dp"
    android:height="39dp"
    android:viewportWidth="39"
    android:viewportHeight="39">
  <path
      android:pathData="M25,36h-3c-1.6,0 -3,-1.4 -3,-3c0,-1.7 1.4,-3 3,-3h3c0.5,0 1,-0.5 1,-1s-0.5,-1 -1,-1h-3c-2.8,0 -5,2.2 -5,5s2.2,5 5,5h3c0.5,0 1,-0.5 1,-1S25.5,36 25,36z">
    <aapt:attr name="android:fillColor">
      <gradient 
          android:startY="1.1176"
          android:startX="21.5"
          android:endY="36.2577"
          android:endX="21.5"
          android:type="linear">
        <item android:offset="0" android:color="#FF00A0FF"/>
        <item android:offset="1" android:color="#FF42A5F6"/>
      </gradient>
    </aapt:attr>
  </path>
  <path
      android:pathData="M32,28h-3c-0.5,0 -1,0.5 -1,1s0.5,1 1,1h3c1.7,0 3,1.3 3,3c0,1.6 -1.3,3 -3,3h-3c-0.5,0 -1,0.5 -1,1s0.5,1 1,1h3c2.8,0 5,-2.2 5,-5S34.8,28 32,28z">
    <aapt:attr name="android:fillColor">
      <gradient 
          android:startY="1.1176"
          android:startX="32.5"
          android:endY="36.2577"
          android:endX="32.5"
          android:type="linear">
        <item android:offset="0" android:color="#FF00A0FF"/>
        <item android:offset="1" android:color="#FF42A5F6"/>
      </gradient>
    </aapt:attr>
  </path>
  <path
      android:pathData="M23,33c0,0.5 0.5,1 1,1h6c0.5,0 1,-0.5 1,-1s-0.5,-1 -1,-1h-6C23.5,32 23,32.5 23,33z">
    <aapt:attr name="android:fillColor">
      <gradient 
          android:startY="1.1176"
          android:startX="27"
          android:endY="36.2577"
          android:endX="27"
          android:type="linear">
        <item android:offset="0" android:color="#FF00A0FF"/>
        <item android:offset="1" android:color="#FF42A5F6"/>
      </gradient>
    </aapt:attr>
  </path>
  <path
      android:pathData="M6,25.2v-0.4c2.3,1.7 6.3,3 11,3.2c0.6,0 1,-0.4 1,-1c0,-0.5 -0.4,-1 -1,-1c-6.7,-0.3 -11,-2.8 -11,-4.5c0,0 0,0 0,0h0v-3.3v-0.4c2.5,1.9 7.2,3.2 12.5,3.2s10,-1.3 12.5,-3.2v0.4v3.3h0c0,1.2 -2.4,2.9 -6.2,3.8c-0.5,0.1 -0.8,0.5 -0.8,1c0,0.7 0.6,1.1 1.2,1c2.4,-0.6 4.4,-1.4 5.8,-2.5V25c0,0.6 0.4,1 1,1c0.6,0 1,-0.4 1,-1V7.5h0C33,3.9 26.5,1 18.5,1S4,3.9 4,7.5h0v21c0,2.9 4.1,5.3 9.8,6.1c0.6,0.1 1.2,-0.4 1.2,-1v0c0,-0.5 -0.4,-0.9 -0.9,-1c-5,-0.8 -8.1,-2.7 -8.1,-4.1h0v0V25.2zM31,14.5c-0.1,1.8 -5,4.5 -12.5,4.5S6.1,16.3 6,14.5h0v-3.3v-0.4c2.5,1.9 7.2,3.2 12.5,3.2s10,-1.3 12.5,-3.2v0.4L31,14.5L31,14.5zM18.5,3C26,3 31,5.7 31,7.5S26,12 18.5,12S6,9.3 6,7.5S11,3 18.5,3z">
    <aapt:attr name="android:fillColor">
      <gradient 
          android:startY="1.1176"
          android:startX="18.5"
          android:endY="36.2577"
          android:endX="18.5"
          android:type="linear">
        <item android:offset="0" android:color="#FF00A0FF"/>
        <item android:offset="1" android:color="#FF42A5F6"/>
      </gradient>
    </aapt:attr>
  </path>
</vector>
