﻿[
  {
    "id": "FF1E1D6A-A1C0-408D-81E9-AC2981B1CFEC",
    "t": "Updating an ASP.NET Core 2.2 Web Site to .NET Core 3.1 LTS",
    "i": "https://www.hanselman.com/blog/content/binary/Windows-Live-Writer/232caa539cc2_8080/image_5d304e50-d3b2-4c0c-916c-1ec0991d16c8.png",
    "l": "https://www.hanselman.com/blog/UpdatingAnASPNETCore22WebSiteToNETCore31LTS.aspx",
    "fit": 0
  },
  {
    "id": "FF1E1D6A-A1C0-408D-81E9-AC2981B1CFED",
    "t": "Advice to my 20 year old self",
    "i": "https://www.hanselman.com/blog/content/binary/Windows-Live-Writer/6ff43a256bac_4543/image_14fb8ab0-5ae1-417d-9796-0249f301247a.png",
    "l": "https://www.hanselman.com/blog/AdviceToMy20YearOldSelf.aspx",
    "fit": 0
  },
  {
    "id": "FF1E1D6A-A1C0-408D-81E9-AC2981B1CFEE",
    "t": "Remote Debugging a .NET Core Linux app in WSL2 from Visual Studio on Windows",
    "i": "https://www.hanselman.com/blog/content/binary/Windows-Live-Writer/edf52780be8e_5C04/image_79781ebd-a055-4269-a9fd-a2da355982a6.png",
    "l": "https://www.hanselman.com/blog/RemoteDebuggingANETCoreLinuxAppInWSL2FromVisualStudioOnWindows.aspx",
    "fit": 0
  }
]
