<vector xmlns:android="http://schemas.android.com/apk/res/android"
    xmlns:aapt="http://schemas.android.com/aapt"
    android:width="39dp"
    android:height="39dp"
    android:viewportWidth="39"
    android:viewportHeight="39">
  <path
      android:pathData="M36,35H5.8l5.9,-10.3l6.1,3.5c0.5,0.3 1.1,0.1 1.4,-0.4l8.3,-14.3l8,4.6c0.5,0.3 1.1,0.1 1.4,-0.4c0.3,-0.5 0.1,-1.1 -0.4,-1.4l-8.9,-5.1c-0.5,-0.3 -1.1,-0.1 -1.4,0.4L17.9,26l-6.1,-3.5c-0.5,-0.3 -1.1,-0.1 -1.4,0.4L4,34.1V3c0,-0.6 -0.4,-1 -1,-1S2,2.4 2,3v33c0,0.6 0.4,1 1,1h33c0.6,0 1,-0.4 1,-1C37,35.4 36.6,35 36,35z">
    <aapt:attr name="android:fillColor">
      <gradient 
          android:startY="2"
          android:startX="19.5"
          android:endY="37"
          android:endX="19.5"
          android:type="linear">
        <item android:offset="0" android:color="#FF00A0FF"/>
        <item android:offset="1" android:color="#FF047BDF"/>
      </gradient>
    </aapt:attr>
  </path>
  <path
      android:pathData="M7,11m-1,0a1,1 0,1 1,2 0a1,1 0,1 1,-2 0">
    <aapt:attr name="android:fillColor">
      <gradient 
          android:startY="10"
          android:startX="7"
          android:endY="12"
          android:endX="7"
          android:type="linear">
        <item android:offset="0" android:color="#FF00A0FF"/>
        <item android:offset="1" android:color="#FF047BDF"/>
      </gradient>
    </aapt:attr>
  </path>
  <path
      android:pathData="M11,11m-1,0a1,1 0,1 1,2 0a1,1 0,1 1,-2 0">
    <aapt:attr name="android:fillColor">
      <gradient 
          android:startY="10"
          android:startX="11"
          android:endY="12"
          android:endX="11"
          android:type="linear">
        <item android:offset="0" android:color="#FF00A0FF"/>
        <item android:offset="1" android:color="#FF047BDF"/>
      </gradient>
    </aapt:attr>
  </path>
  <path
      android:pathData="M15,11m-1,0a1,1 0,1 1,2 0a1,1 0,1 1,-2 0">
    <aapt:attr name="android:fillColor">
      <gradient 
          android:startY="10"
          android:startX="15"
          android:endY="12"
          android:endX="15"
          android:type="linear">
        <item android:offset="0" android:color="#FF00A0FF"/>
        <item android:offset="1" android:color="#FF047BDF"/>
      </gradient>
    </aapt:attr>
  </path>
  <path
      android:pathData="M19,11m-1,0a1,1 0,1 1,2 0a1,1 0,1 1,-2 0">
    <aapt:attr name="android:fillColor">
      <gradient 
          android:startY="10"
          android:startX="19"
          android:endY="12"
          android:endX="19"
          android:type="linear">
        <item android:offset="0" android:color="#FF00A0FF"/>
        <item android:offset="1" android:color="#FF047BDF"/>
      </gradient>
    </aapt:attr>
  </path>
  <path
      android:pathData="M7,19m-1,0a1,1 0,1 1,2 0a1,1 0,1 1,-2 0">
    <aapt:attr name="android:fillColor">
      <gradient 
          android:startY="18"
          android:startX="7"
          android:endY="20"
          android:endX="7"
          android:type="linear">
        <item android:offset="0" android:color="#FF00A0FF"/>
        <item android:offset="1" android:color="#FF047BDF"/>
      </gradient>
    </aapt:attr>
  </path>
  <path
      android:pathData="M11,19m-1,0a1,1 0,1 1,2 0a1,1 0,1 1,-2 0">
    <aapt:attr name="android:fillColor">
      <gradient 
          android:startY="18"
          android:startX="11"
          android:endY="20"
          android:endX="11"
          android:type="linear">
        <item android:offset="0" android:color="#FF00A0FF"/>
        <item android:offset="1" android:color="#FF047BDF"/>
      </gradient>
    </aapt:attr>
  </path>
  <path
      android:pathData="M15,19m-1,0a1,1 0,1 1,2 0a1,1 0,1 1,-2 0">
    <aapt:attr name="android:fillColor">
      <gradient 
          android:startY="18"
          android:startX="15"
          android:endY="20"
          android:endX="15"
          android:type="linear">
        <item android:offset="0" android:color="#FF00A0FF"/>
        <item android:offset="1" android:color="#FF047BDF"/>
      </gradient>
    </aapt:attr>
  </path>
  <path
      android:pathData="M23,11m-1,0a1,1 0,1 1,2 0a1,1 0,1 1,-2 0">
    <aapt:attr name="android:fillColor">
      <gradient 
          android:startY="10"
          android:startX="23"
          android:endY="12"
          android:endX="23"
          android:type="linear">
        <item android:offset="0" android:color="#FF00A0FF"/>
        <item android:offset="1" android:color="#FF047BDF"/>
      </gradient>
    </aapt:attr>
  </path>
  <path
      android:pathData="M19,19m-1,0a1,1 0,1 1,2 0a1,1 0,1 1,-2 0">
    <aapt:attr name="android:fillColor">
      <gradient 
          android:startY="18"
          android:startX="19"
          android:endY="20"
          android:endX="19"
          android:type="linear">
        <item android:offset="0" android:color="#FF00A0FF"/>
        <item android:offset="1" android:color="#FF047BDF"/>
      </gradient>
    </aapt:attr>
  </path>
</vector>
