<vector xmlns:android="http://schemas.android.com/apk/res/android"
    xmlns:aapt="http://schemas.android.com/aapt"
    android:width="39dp"
    android:height="39dp"
    android:viewportWidth="39"
    android:viewportHeight="39">
  <path
      android:pathData="M21.9,2c-0.5,0 -0.9,0.4 -0.9,0.9v14.2c0,0.5 0.4,0.9 0.9,0.9h14.2c0.5,0 0.9,-0.4 0.9,-0.9C37,8.8 30.2,2 21.9,2zM35.1,16.2H22.8V3.9C29.4,4.4 34.6,9.6 35.1,16.2z">
    <aapt:attr name="android:fillColor">
      <gradient 
          android:startY="2"
          android:startX="28.9595"
          android:endY="18.0811"
          android:endX="28.9595"
          android:type="linear">
        <item android:offset="0" android:color="#FF00A0FF"/>
        <item android:offset="1" android:color="#FF047BDF"/>
      </gradient>
    </aapt:attr>
  </path>
  <path
      android:pathData="M33,20H19V6c0,-0.6 -0.4,-1 -1,-1C9.2,5 2,12.2 2,21s7.2,16 16,16s16,-7.2 16,-16C34,20.4 33.6,20 33,20zM18,35c-7.7,0 -14,-6.3 -14,-14C4,13.6 9.7,7.6 17,7.1V21c0,0.6 0.4,1 1,1h13.9C31.4,29.3 25.4,35 18,35z">
    <aapt:attr name="android:fillColor">
      <gradient 
          android:startY="5"
          android:startX="18"
          android:endY="37"
          android:endX="18"
          android:type="linear">
        <item android:offset="0" android:color="#FF00A0FF"/>
        <item android:offset="1" android:color="#FF047BDF"/>
      </gradient>
    </aapt:attr>
  </path>
</vector>
