<vector xmlns:android="http://schemas.android.com/apk/res/android"
    xmlns:aapt="http://schemas.android.com/aapt"
    android:width="39dp"
    android:height="39dp"
    android:viewportWidth="39"
    android:viewportHeight="39">
  <path
      android:pathData="M36,35H4V3c0,-0.6 -0.4,-1 -1,-1S2,2.4 2,3v33c0,0.6 0.4,1 1,1h33c0.6,0 1,-0.4 1,-1S36.6,35 36,35z">
    <aapt:attr name="android:fillColor">
      <gradient 
          android:startY="2"
          android:startX="19.5"
          android:endY="37"
          android:endX="19.5"
          android:type="linear">
        <item android:offset="0" android:color="#FF00A0FF"/>
        <item android:offset="1" android:color="#FF047BDF"/>
      </gradient>
    </aapt:attr>
  </path>
  <path
      android:pathData="M10,26c0.6,0 1,-0.4 1,-1V12c0,-0.6 -0.4,-1 -1,-1s-1,0.4 -1,1v13C9,25.6 9.4,26 10,26z">
    <aapt:attr name="android:fillColor">
      <gradient 
          android:startY="11"
          android:startX="10"
          android:endY="26"
          android:endX="10"
          android:type="linear">
        <item android:offset="0" android:color="#FF0196F7"/>
        <item android:offset="1" android:color="#FF0387E9"/>
      </gradient>
    </aapt:attr>
  </path>
  <path
      android:pathData="M13,32c0.6,0 1,-0.4 1,-1V6c0,-0.6 -0.4,-1 -1,-1s-1,0.4 -1,1v25C12,31.6 12.4,32 13,32z">
    <aapt:attr name="android:fillColor">
      <gradient 
          android:startY="5"
          android:startX="13"
          android:endY="32"
          android:endX="13"
          android:type="linear">
        <item android:offset="0" android:color="#FF009DFC"/>
        <item android:offset="1" android:color="#FF0380E4"/>
      </gradient>
    </aapt:attr>
  </path>
  <path
      android:pathData="M16,30c0.6,0 1,-0.4 1,-1V10c0,-0.6 -0.4,-1 -1,-1s-1,0.4 -1,1v19C15,29.6 15.4,30 16,30z">
    <aapt:attr name="android:fillColor">
      <gradient 
          android:startY="9"
          android:startX="16"
          android:endY="30"
          android:endX="16"
          android:type="linear">
        <item android:offset="0" android:color="#FF0198F8"/>
        <item android:offset="1" android:color="#FF0382E5"/>
      </gradient>
    </aapt:attr>
  </path>
  <path
      android:pathData="M19,26c0.6,0 1,-0.4 1,-1V13c0,-0.6 -0.4,-1 -1,-1s-1,0.4 -1,1v12C18,25.6 18.4,26 19,26z">
    <aapt:attr name="android:fillColor">
      <gradient 
          android:startY="12"
          android:startX="19"
          android:endY="26"
          android:endX="19"
          android:type="linear">
        <item android:offset="0" android:color="#FF0195F5"/>
        <item android:offset="1" android:color="#FF0387E9"/>
      </gradient>
    </aapt:attr>
  </path>
  <path
      android:pathData="M22,27c0.6,0 1,-0.4 1,-1V15c0,-0.6 -0.4,-1 -1,-1s-1,0.4 -1,1v11C21,26.6 21.4,27 22,27z">
    <aapt:attr name="android:fillColor">
      <gradient 
          android:startY="14"
          android:startX="22"
          android:endY="27"
          android:endX="22"
          android:type="linear">
        <item android:offset="0" android:color="#FF0193F3"/>
        <item android:offset="1" android:color="#FF0386E9"/>
      </gradient>
    </aapt:attr>
  </path>
  <path
      android:pathData="M25,22c0.6,0 1,-0.4 1,-1v-3c0,-0.6 -0.4,-1 -1,-1s-1,0.4 -1,1v3C24,21.6 24.4,22 25,22z">
    <aapt:attr name="android:fillColor">
      <gradient 
          android:startY="17"
          android:startX="25"
          android:endY="22"
          android:endX="25"
          android:type="linear">
        <item android:offset="0" android:color="#FF0290F0"/>
        <item android:offset="1" android:color="#FF028BED"/>
      </gradient>
    </aapt:attr>
  </path>
  <path
      android:pathData="M28,24c0.6,0 1,-0.4 1,-1v-7c0,-0.6 -0.4,-1 -1,-1s-1,0.4 -1,1v7C27,23.6 27.4,24 28,24z">
    <aapt:attr name="android:fillColor">
      <gradient 
          android:startY="15"
          android:startX="28"
          android:endY="24"
          android:endX="28"
          android:type="linear">
        <item android:offset="0" android:color="#FF0192F2"/>
        <item android:offset="1" android:color="#FF0289EC"/>
      </gradient>
    </aapt:attr>
  </path>
  <path
      android:pathData="M31,22c0.6,0 1,-0.4 1,-1v-2c0,-0.6 -0.4,-1 -1,-1s-1,0.4 -1,1v2C30,21.6 30.4,22 31,22z">
    <aapt:attr name="android:fillColor">
      <gradient 
          android:startY="18"
          android:startX="31"
          android:endY="22"
          android:endX="31"
          android:type="linear">
        <item android:offset="0" android:color="#FF018FF0"/>
        <item android:offset="1" android:color="#FF028BED"/>
      </gradient>
    </aapt:attr>
  </path>
  <path
      android:pathData="M7,23c0.6,0 1,-0.4 1,-1v-5c0,-0.6 -0.4,-1 -1,-1s-1,0.4 -1,1v5C6,22.6 6.4,23 7,23z">
    <aapt:attr name="android:fillColor">
      <gradient 
          android:startY="16"
          android:startX="7"
          android:endY="23"
          android:endX="7"
          android:type="linear">
        <item android:offset="0" android:color="#FF0291F2"/>
        <item android:offset="1" android:color="#FF028AEC"/>
      </gradient>
    </aapt:attr>
  </path>
  <path
      android:pathData="M34,20m-1,0a1,1 0,1 1,2 0a1,1 0,1 1,-2 0">
    <aapt:attr name="android:fillColor">
      <gradient 
          android:startY="19"
          android:startX="34"
          android:endY="21"
          android:endX="34"
          android:type="linear">
        <item android:offset="0" android:color="#FF018EEF"/>
        <item android:offset="1" android:color="#FF028CEE"/>
      </gradient>
    </aapt:attr>
  </path>
</vector>
