<vector xmlns:android="http://schemas.android.com/apk/res/android"
    xmlns:aapt="http://schemas.android.com/aapt"
    android:width="39dp"
    android:height="39dp"
    android:viewportWidth="39"
    android:viewportHeight="39">
  <path
      android:fillColor="#FF000000"
      android:pathData="M3,37L3,37c-0.6,0 -1,-0.4 -1,-1V3c0,-0.6 0.4,-1 1,-1l0,0c0.6,0 1,0.4 1,1v33C4,36.6 3.6,37 3,37"/>
  <path
      android:fillColor="#FF000000"
      android:pathData="M3,37h33c0.6,0 1,-0.4 1,-1l0,0c0,-0.6 -0.4,-1 -1,-1H3c-0.6,0 -1,0.4 -1,1l0,0C2,36.6 2.4,37 3,37"/>
  <path
      android:pathData="M7,6c1.9,0 2.9,2.1 3.4,4.2c0.3,1.4 1,8.3 1,8.3s0.6,6.5 1,8.3C13,29 14,31 16,31h0.1c2,0 3.1,-2.2 3.6,-4.2c0.4,-1.8 1,-8.3 1,-8.3s0.7,-6.9 1,-8.3C22.1,8.1 23.1,6 25,6l0,0c1.9,0 2.9,2.1 3.4,4.2c0.3,1.4 1,8.3 1,8.3s0.6,6.5 1,8.3c0.5,2 1.6,4.2 3.6,4.2"
      android:strokeLineJoin="round"
      android:strokeWidth="2"
      android:fillColor="#00000000"
      android:strokeLineCap="round">
    <aapt:attr name="android:strokeColor">
      <gradient 
          android:startY="5"
          android:startX="20.5"
          android:endY="32"
          android:endX="20.5"
          android:type="linear">
        <item android:offset="0" android:color="#FF00A0FF"/>
        <item android:offset="1" android:color="#FF0383E6"/>
      </gradient>
    </aapt:attr>
  </path>
  <path
      android:pathData="M36,35H4V3c0,-0.6 -0.4,-1 -1,-1S2,2.4 2,3v33c0,0.6 0.4,1 1,1h33c0.6,0 1,-0.4 1,-1S36.6,35 36,35">
    <aapt:attr name="android:fillColor">
      <gradient 
          android:startY="2.1716"
          android:startX="19.4309"
          android:endY="37.1715"
          android:endX="19.5024"
          android:type="linear">
        <item android:offset="0" android:color="#FF00A0FF"/>
        <item android:offset="1" android:color="#FF047BDF"/>
      </gradient>
    </aapt:attr>
  </path>
</vector>
