<vector xmlns:android="http://schemas.android.com/apk/res/android"
    xmlns:aapt="http://schemas.android.com/aapt"
    android:width="39dp"
    android:height="39dp"
    android:viewportWidth="39"
    android:viewportHeight="39">
  <path
      android:pathData="M35.9,35H34V12c0,-0.4 -0.2,-0.7 -0.5,-0.9c-0.3,-0.2 -0.7,-0.1 -1,0.1l-9.1,6.4L16.8,7.5C16.7,7.2 16.4,7 16.1,7c-0.3,0 -0.6,0.1 -0.8,0.3L3.9,18.7V3c0,-0.6 -0.4,-1 -1,-1s-1,0.4 -1,1v33c0,0.6 0.4,1 1,1h33c0.6,0 1,-0.4 1,-1S36.4,35 35.9,35zM15.8,9.6l6.3,10c0.1,0.2 0.4,0.4 0.6,0.4c0.3,0.1 0.5,0 0.8,-0.2l8.4,-5.9V35H3.9V21.5L15.8,9.6z">
    <aapt:attr name="android:fillColor">
      <gradient 
          android:startY="2"
          android:startX="19.3626"
          android:endY="37"
          android:endX="19.3626"
          android:type="linear">
        <item android:offset="0" android:color="#FF00A0FF"/>
        <item android:offset="1" android:color="#FF047BDF"/>
      </gradient>
    </aapt:attr>
  </path>
  <path
      android:pathData="M26.5,11c1.4,0 2.5,-1.1 2.5,-2.5S27.9,6 26.5,6S24,7.1 24,8.5S25.1,11 26.5,11zM26.5,8C26.8,8 27,8.2 27,8.5S26.8,9 26.5,9S26,8.8 26,8.5S26.2,8 26.5,8z">
    <aapt:attr name="android:fillColor">
      <gradient 
          android:startY="6"
          android:startX="26.5"
          android:endY="11"
          android:endX="26.5"
          android:type="linear">
        <item android:offset="0" android:color="#FF009CFB"/>
        <item android:offset="1" android:color="#FF0197F7"/>
      </gradient>
    </aapt:attr>
  </path>
  <path
      android:pathData="M24,30c1.7,0 3,-1.3 3,-3s-1.3,-3 -3,-3s-3,1.3 -3,3S22.3,30 24,30zM24,26c0.5,0 1,0.5 1,1s-0.5,1 -1,1s-1,-0.5 -1,-1S23.5,26 24,26z">
    <aapt:attr name="android:fillColor">
      <gradient 
          android:startY="24"
          android:startX="24"
          android:endY="30"
          android:endX="24"
          android:type="linear">
        <item android:offset="0" android:color="#FF0388EB"/>
        <item android:offset="1" android:color="#FF0383E6"/>
      </gradient>
    </aapt:attr>
  </path>
  <path
      android:pathData="M14.5,25c1.9,0 3.5,-1.6 3.5,-3.5S16.4,18 14.5,18S11,19.6 11,21.5S12.6,25 14.5,25zM14.5,20c0.8,0 1.5,0.7 1.5,1.5S15.3,23 14.5,23S13,22.3 13,21.5S13.7,20 14.5,20z">
    <aapt:attr name="android:fillColor">
      <gradient 
          android:startY="18"
          android:startX="14.5"
          android:endY="25"
          android:endX="14.5"
          android:type="linear">
        <item android:offset="0" android:color="#FF028FF0"/>
        <item android:offset="1" android:color="#FF0388EA"/>
      </gradient>
    </aapt:attr>
  </path>
  <path
      android:pathData="M8,30m-2,0a2,2 0,1 1,4 0a2,2 0,1 1,-4 0">
    <aapt:attr name="android:fillColor">
      <gradient 
          android:startY="28"
          android:startX="8"
          android:endY="32"
          android:endX="8"
          android:type="linear">
        <item android:offset="0" android:color="#FF0384E7"/>
        <item android:offset="1" android:color="#FF0381E4"/>
      </gradient>
    </aapt:attr>
  </path>
</vector>
