<vector xmlns:android="http://schemas.android.com/apk/res/android"
    xmlns:aapt="http://schemas.android.com/aapt"
    android:width="39dp"
    android:height="39dp"
    android:viewportWidth="39"
    android:viewportHeight="39">
  <path
      android:pathData="M36,35H4V3c0,-0.6 -0.4,-1 -1,-1S2,2.4 2,3v33c0,0.6 0.4,1 1,1h33c0.6,0 1,-0.4 1,-1C37,35.4 36.6,35 36,35z">
    <aapt:attr name="android:fillColor">
      <gradient 
          android:startY="2"
          android:startX="19.5"
          android:endY="37"
          android:endX="19.5"
          android:type="linear">
        <item android:offset="0" android:color="#FF00A0FF"/>
        <item android:offset="1" android:color="#FF047BDF"/>
      </gradient>
    </aapt:attr>
  </path>
  <path
      android:pathData="M14.5,32c4.1,0 7.5,-3.4 7.5,-7.5S18.6,17 14.5,17S7,20.4 7,24.5S10.4,32 14.5,32zM14.5,19c3,0 5.5,2.5 5.5,5.5c0,3 -2.5,5.5 -5.5,5.5S9,27.5 9,24.5C9,21.5 11.5,19 14.5,19z">
    <aapt:attr name="android:fillColor">
      <gradient 
          android:startY="17"
          android:startX="14.5"
          android:endY="32"
          android:endX="14.5"
          android:type="linear">
        <item android:offset="0" android:color="#FF00A0FF"/>
        <item android:offset="1" android:color="#FF047BDF"/>
      </gradient>
    </aapt:attr>
  </path>
  <path
      android:pathData="M28.5,24c3,0 5.5,-2.5 5.5,-5.5c0,-3 -2.5,-5.5 -5.5,-5.5S23,15.5 23,18.5C23,21.5 25.5,24 28.5,24zM28.5,15c1.9,0 3.5,1.6 3.5,3.5S30.4,22 28.5,22S25,20.4 25,18.5S26.6,15 28.5,15z">
    <aapt:attr name="android:fillColor">
      <gradient 
          android:startY="13"
          android:startX="28.5"
          android:endY="24"
          android:endX="28.5"
          android:type="linear">
        <item android:offset="0" android:color="#FF00A0FF"/>
        <item android:offset="1" android:color="#FF047BDF"/>
      </gradient>
    </aapt:attr>
  </path>
  <path
      android:pathData="M19,14c2.2,0 4,-1.8 4,-4c0,-2.2 -1.8,-4 -4,-4s-4,1.8 -4,4C15,12.2 16.8,14 19,14zM19,8c1.1,0 2,0.9 2,2c0,1.1 -0.9,2 -2,2s-2,-0.9 -2,-2C17,8.9 17.9,8 19,8z">
    <aapt:attr name="android:fillColor">
      <gradient 
          android:startY="6"
          android:startX="19"
          android:endY="14"
          android:endX="19"
          android:type="linear">
        <item android:offset="0" android:color="#FF00A0FF"/>
        <item android:offset="1" android:color="#FF047BDF"/>
      </gradient>
    </aapt:attr>
  </path>
</vector>
