﻿<vector xmlns:android="http://schemas.android.com/apk/res/android"
    xmlns:aapt="http://schemas.android.com/aapt"
    android:width="39dp"
    android:height="39dp"
    android:viewportWidth="39"
    android:viewportHeight="39">
  <path
      android:pathData="M37,35h-1V20c0,-0.6 -0.4,-1 -1,-1h-5c-0.6,0 -1,0.4 -1,1v15h-2V7c0,-0.6 -0.4,-1 -1,-1h-5c-0.6,0 -1,0.4 -1,1v28h-2V15c0,-0.6 -0.4,-1 -1,-1h-5c-0.6,0 -1,0.4 -1,1v20H9V3c0,-0.6 -0.4,-1 -1,-1S7,2.4 7,3v33c0,0.6 0.4,1 1,1h0h0h29c0.6,0 1,-0.4 1,-1S37.6,35 37,35zM13,35V16h3v19H13zM22,35V8h3v27H22zM31,35V21h3v14H31z">
    <aapt:attr name="android:fillColor">
      <gradient 
          android:startY="2.0419"
          android:startX="22.5"
          android:endY="36.1891"
          android:endX="22.5"
          android:type="linear">
        <item android:offset="0" android:color="#FF00A0FF"/>
        <item android:offset="1" android:color="#FF047BDF"/>
      </gradient>
    </aapt:attr>
  </path>
  <path
      android:pathData="M5,30c-0.2,0 -0.4,0.1 -0.5,0.2l0,0l-3,2l0,0C1.2,32.4 1,32.7 1,33c0,0.6 0.4,1 1,1c0.2,0 0.4,-0.1 0.5,-0.2l0,0l3,-2l0,0C5.8,31.6 6,31.3 6,31C6,30.4 5.6,30 5,30z">
    <aapt:attr name="android:fillColor">
      <gradient 
          android:startY="2.0419"
          android:startX="3.5"
          android:endY="36.1891"
          android:endX="3.5"
          android:type="linear">
        <item android:offset="0" android:color="#FF00A0FF"/>
        <item android:offset="1" android:color="#FF047BDF"/>
      </gradient>
    </aapt:attr>
  </path>
  <path
      android:pathData="M5,22c-0.2,0 -0.4,0.1 -0.5,0.2l0,0l-3,2l0,0C1.2,24.4 1,24.7 1,25c0,0.6 0.4,1 1,1c0.2,0 0.4,-0.1 0.5,-0.2l0,0l3,-2l0,0C5.8,23.6 6,23.3 6,23C6,22.4 5.6,22 5,22z">
    <aapt:attr name="android:fillColor">
      <gradient 
          android:startY="2.0419"
          android:startX="3.5"
          android:endY="36.1891"
          android:endX="3.5"
          android:type="linear">
        <item android:offset="0" android:color="#FF00A0FF"/>
        <item android:offset="1" android:color="#FF047BDF"/>
      </gradient>
    </aapt:attr>
  </path>
  <path
      android:pathData="M5,14c-0.2,0 -0.4,0.1 -0.5,0.2l0,0l-3,2l0,0C1.2,16.4 1,16.7 1,17c0,0.6 0.4,1 1,1c0.2,0 0.4,-0.1 0.5,-0.2l0,0l3,-2l0,0C5.8,15.6 6,15.3 6,15C6,14.4 5.6,14 5,14z">
    <aapt:attr name="android:fillColor">
      <gradient 
          android:startY="2.0419"
          android:startX="3.5"
          android:endY="36.1891"
          android:endX="3.5"
          android:type="linear">
        <item android:offset="0" android:color="#FF00A0FF"/>
        <item android:offset="1" android:color="#FF047BDF"/>
      </gradient>
    </aapt:attr>
  </path>
  <path
      android:pathData="M5,6C4.8,6 4.6,6.1 4.5,6.2l0,0l-3,2l0,0C1.2,8.4 1,8.7 1,9c0,0.6 0.4,1 1,1c0.2,0 0.4,-0.1 0.5,-0.2l0,0l3,-2l0,0C5.8,7.6 6,7.3 6,7C6,6.4 5.6,6 5,6z">
    <aapt:attr name="android:fillColor">
      <gradient 
          android:startY="2.0419"
          android:startX="3.5"
          android:endY="36.1891"
          android:endX="3.5"
          android:type="linear">
        <item android:offset="0" android:color="#FF00A0FF"/>
        <item android:offset="1" android:color="#FF047BDF"/>
      </gradient>
    </aapt:attr>
  </path>
</vector>
