<vector xmlns:android="http://schemas.android.com/apk/res/android"
    xmlns:aapt="http://schemas.android.com/aapt"
    android:width="39dp"
    android:height="39dp"
    android:viewportWidth="39"
    android:viewportHeight="39">
  <path
      android:pathData="M33,26H9.2l4,-4c0.4,-0.4 0.4,-1 0,-1.4c-0.4,-0.4 -1,-0.4 -1.4,0l-5.7,5.7c-0.4,0.4 -0.4,1 0,1.4l5.7,5.7c0.4,0.4 1,0.4 1.4,0c0.4,-0.4 0.4,-1 0,-1.4L9.3,28H33c0.6,0 1,-0.4 1,-1S33.6,26 33,26z">
    <aapt:attr name="android:fillColor">
      <gradient 
          android:startY="2.2353"
          android:startX="19.9142"
          android:endY="36.1209"
          android:endX="19.9142"
          android:type="linear">
        <item android:offset="0" android:color="#FF00A0FF"/>
        <item android:offset="1" android:color="#FF047BDF"/>
      </gradient>
    </aapt:attr>
  </path>
  <path
      android:pathData="M7,13h23.7l-3.9,3.9c-0.4,0.4 -0.4,1 0,1.4c0.4,0.4 1,0.4 1.4,0l5.7,-5.7c0.4,-0.4 0.4,-1 0,-1.4l-5.7,-5.7c-0.4,-0.4 -1,-0.4 -1.4,0c-0.4,0.4 -0.4,1 0,1.4l4,4H7c-0.6,0 -1,0.4 -1,1S6.4,13 7,13z">
    <aapt:attr name="android:fillColor">
      <gradient 
          android:startY="2.2353"
          android:startX="20.0858"
          android:endY="36.1209"
          android:endX="20.0858"
          android:type="linear">
        <item android:offset="0" android:color="#FF00A0FF"/>
        <item android:offset="1" android:color="#FF047BDF"/>
      </gradient>
    </aapt:attr>
  </path>
</vector>
