<vector xmlns:android="http://schemas.android.com/apk/res/android"
    xmlns:aapt="http://schemas.android.com/aapt"
    android:width="39dp"
    android:height="39dp"
    android:viewportWidth="39"
    android:viewportHeight="39">
  <path
      android:pathData="M35,18h-8c-0.6,0 -1,0.4 -1,1s0.4,1 1,1h8c0.6,0 1,-0.4 1,-1S35.6,18 35,18z">
    <aapt:attr name="android:fillColor">
      <gradient 
          android:startY="18.5536"
          android:startX="31"
          android:endY="19.5871"
          android:endX="31"
          android:type="linear">
        <item android:offset="0" android:color="#FF028FF0"/>
        <item android:offset="1" android:color="#FF028DEF"/>
      </gradient>
    </aapt:attr>
  </path>
  <path
      android:pathData="M19,26c-0.6,0 -1,0.4 -1,1v8c0,0.6 0.4,1 1,1s1,-0.4 1,-1v-8C20,26.4 19.6,26 19,26z">
    <aapt:attr name="android:fillColor">
      <gradient 
          android:startY="26"
          android:startX="19"
          android:endY="36"
          android:endX="19"
          android:type="linear">
        <item android:offset="0" android:color="#FF0386E9"/>
        <item android:offset="1" android:color="#FF047BDF"/>
      </gradient>
    </aapt:attr>
  </path>
  <path
      android:pathData="M11,18H3c-0.6,0 -1,0.4 -1,1s0.4,1 1,1h8c0.6,0 1,-0.4 1,-1S11.6,18 11,18z">
    <aapt:attr name="android:fillColor">
      <gradient 
          android:startY="18.1765"
          android:startX="7"
          android:endY="19.851"
          android:endX="7"
          android:type="linear">
        <item android:offset="0" android:color="#FF028FF0"/>
        <item android:offset="1" android:color="#FF028DEF"/>
      </gradient>
    </aapt:attr>
  </path>
  <path
      android:pathData="M19,2c-0.6,0 -1,0.4 -1,1v8c0,0.6 0.4,1 1,1s1,-0.4 1,-1V3C20,2.4 19.6,2 19,2z">
    <aapt:attr name="android:fillColor">
      <gradient 
          android:startY="2.4678"
          android:startX="19"
          android:endY="11.8085"
          android:endX="19"
          android:type="linear">
        <item android:offset="0" android:color="#FF00A0FF"/>
        <item android:offset="1" android:color="#FF0196F6"/>
      </gradient>
    </aapt:attr>
  </path>
  <path
      android:pathData="M11.9,4.6C11.6,4.2 11,4 10.5,4.3C10,4.6 9.9,5.2 10.1,5.6l4,6.9c0.3,0.5 0.9,0.6 1.4,0.4c0.5,-0.3 0.6,-0.9 0.4,-1.4L11.9,4.6z">
    <aapt:attr name="android:fillColor">
      <gradient 
          android:startY="4.1434"
          android:startX="13"
          android:endY="13.072"
          android:endX="13"
          android:type="linear">
        <item android:offset="0" android:color="#FF009DFD"/>
        <item android:offset="1" android:color="#FF0195F6"/>
      </gradient>
    </aapt:attr>
  </path>
  <path
      android:pathData="M25.1,15.5c0.3,0.5 0.9,0.6 1.4,0.4l6.9,-4c0.5,-0.3 0.6,-0.9 0.4,-1.4c-0.3,-0.5 -0.9,-0.6 -1.4,-0.4l-6.9,4C24.9,14.4 24.8,15 25.1,15.5z">
    <aapt:attr name="android:fillColor">
      <gradient 
          android:startY="10.5073"
          android:startX="29.3923"
          android:endY="15.9033"
          android:endX="29.3923"
          android:type="linear">
        <item android:offset="0" android:color="#FF0197F7"/>
        <item android:offset="1" android:color="#FF0292F3"/>
      </gradient>
    </aapt:attr>
  </path>
  <path
      android:pathData="M23.9,25.4c-0.3,-0.5 -0.9,-0.6 -1.4,-0.4c-0.5,0.3 -0.6,0.9 -0.4,1.4l4,6.9c0.3,0.5 0.9,0.6 1.4,0.4c0.5,-0.3 0.6,-0.9 0.4,-1.4L23.9,25.4z">
    <aapt:attr name="android:fillColor">
      <gradient 
          android:startY="24.928"
          android:startX="25"
          android:endY="33.8566"
          android:endX="25"
          android:type="linear">
        <item android:offset="0" android:color="#FF0387EA"/>
        <item android:offset="1" android:color="#FF047FE2"/>
      </gradient>
    </aapt:attr>
  </path>
  <path
      android:pathData="M12.6,14.1l-6.9,-4C5.2,9.9 4.6,10 4.3,10.5C4,11 4.2,11.6 4.6,11.9l6.9,4c0.5,0.3 1.1,0.1 1.4,-0.4C13.2,15 13.1,14.4 12.6,14.1z">
    <aapt:attr name="android:fillColor">
      <gradient 
          android:startY="9.9998"
          android:startX="8.6077"
          android:endY="16.0002"
          android:endX="8.6077"
          android:type="linear">
        <item android:offset="0" android:color="#FF0197F7"/>
        <item android:offset="1" android:color="#FF0292F3"/>
      </gradient>
    </aapt:attr>
  </path>
  <path
      android:pathData="M33.4,26.1l-6.9,-4c-0.5,-0.3 -1.1,-0.1 -1.4,0.4c-0.3,0.5 -0.1,1.1 0.4,1.4l6.9,4c0.5,0.3 1.1,0.1 1.4,-0.4C34,27 33.8,26.4 33.4,26.1z">
    <aapt:attr name="android:fillColor">
      <gradient 
          android:startY="21.9998"
          android:startX="29.3923"
          android:endY="28.0002"
          android:endX="29.3923"
          android:type="linear">
        <item android:offset="0" android:color="#FF028BED"/>
        <item android:offset="1" android:color="#FF0385E8"/>
      </gradient>
    </aapt:attr>
  </path>
  <path
      android:pathData="M22.5,12.9c0.5,0.3 1.1,0.1 1.4,-0.4l4,-6.9c0.3,-0.5 0.1,-1.1 -0.4,-1.4C27,4 26.4,4.2 26.1,4.6l-4,6.9C21.9,12.1 22,12.7 22.5,12.9z">
    <aapt:attr name="android:fillColor">
      <gradient 
          android:startY="4.1434"
          android:startX="25"
          android:endY="13.072"
          android:endX="25"
          android:type="linear">
        <item android:offset="0" android:color="#FF009DFD"/>
        <item android:offset="1" android:color="#FF0195F6"/>
      </gradient>
    </aapt:attr>
  </path>
</vector>
