<vector xmlns:android="http://schemas.android.com/apk/res/android"
    xmlns:aapt="http://schemas.android.com/aapt"
    android:width="39dp"
    android:height="39dp"
    android:viewportWidth="39"
    android:viewportHeight="39">
  <path
      android:pathData="M19.5,3C10.4,3 3,10.4 3,19.5C3,28.6 10.4,36 19.5,36S36,28.6 36,19.5C36,10.4 28.6,3 19.5,3zM19.5,34C11.5,34 5,27.5 5,19.5C5,11.5 11.5,5 19.5,5S34,11.5 34,19.5C34,27.5 27.5,34 19.5,34z">
    <aapt:attr name="android:fillColor">
      <gradient 
          android:startY="36"
          android:startX="19.5"
          android:endY="3"
          android:endX="19.5"
          android:type="linear">
        <item android:offset="0" android:color="#FFC92127"/>
        <item android:offset="1" android:color="#FFEB5153"/>
      </gradient>
    </aapt:attr>
  </path>
  <path
      android:pathData="M11.3,18.7c0.4,0.4 1,0.4 1.4,0l1.4,-1.4l1.4,1.4c0.4,0.4 1,0.4 1.4,0c0.4,-0.4 0.4,-1 0,-1.4L15.4,16l1.4,-1.4c0.4,-0.4 0.4,-1 0,-1.4c-0.4,-0.4 -1,-0.4 -1.4,0L14,14.6l-1.4,-1.4c-0.4,-0.4 -1,-0.4 -1.4,0c-0.4,0.4 -0.4,1 0,1.4l1.4,1.4l-1.4,1.4C10.9,17.7 10.9,18.3 11.3,18.7z">
    <aapt:attr name="android:fillColor">
      <gradient 
          android:startY="19"
          android:startX="14"
          android:endY="13"
          android:endX="14"
          android:type="linear">
        <item android:offset="0" android:color="#FFDB343D"/>
        <item android:offset="1" android:color="#FFDC3D41"/>
      </gradient>
    </aapt:attr>
  </path>
  <path
      android:pathData="M22.3,18.7c0.4,0.4 1,0.4 1.4,0l1.4,-1.4l1.4,1.4c0.4,0.4 1,0.4 1.4,0c0.4,-0.4 0.4,-1 0,-1.4L26.4,16l1.4,-1.4c0.4,-0.4 0.4,-1 0,-1.4c-0.4,-0.4 -1,-0.4 -1.4,0L25,14.6l-1.4,-1.4c-0.4,-0.4 -1,-0.4 -1.4,0c-0.4,0.4 -0.4,1 0,1.4l1.4,1.4l-1.4,1.4C21.9,17.7 21.9,18.3 22.3,18.7z">
    <aapt:attr name="android:fillColor">
      <gradient 
          android:startY="19"
          android:startX="25"
          android:endY="13"
          android:endX="25"
          android:type="linear">
        <item android:offset="0" android:color="#FFDB343D"/>
        <item android:offset="1" android:color="#FFDC3D41"/>
      </gradient>
    </aapt:attr>
  </path>
  <path
      android:pathData="M29.5,24.1c-0.6,-0.3 -1.1,-0.5 -1.5,-0.7c0,0 -2.8,-1.3 -8.5,-1.3c0,0 0,0 0,0c-5.7,0 -8.5,1.3 -8.5,1.3c-0.4,0.2 -0.9,0.4 -1.5,0.7C9.2,24.2 9,24.6 9,24.9c0,0.6 0.4,1 1,1c0.2,0 0.3,-0.1 0.5,-0.1l0,0c1.9,-1 4.6,-1.7 7.5,-1.8v1.8c0,2.6 1.9,4.9 4.5,5.2c3,0.3 5.5,-2.1 5.5,-5v-0.4c0.2,0.1 0.4,0.2 0.5,0.3l0,0c0.1,0.1 0.3,0.1 0.5,0.1c0.6,0 1,-0.5 1,-1C30,24.6 29.8,24.2 29.5,24.1zM26,25v0.8c0,1.6 -1.2,3.1 -2.8,3.2c-1.7,0.1 -3.2,-1.3 -3.2,-3v-2c0.7,0 1.3,0 2,0.1V26c0,0.6 0.4,1 1,1s1,-0.4 1,-1v-1.6c0.7,0.1 1.4,0.3 2,0.5C26,24.9 26,24.9 26,25z">
    <aapt:attr name="android:fillColor">
      <gradient 
          android:startY="31"
          android:startX="19.5"
          android:endY="22.01"
          android:endX="19.5"
          android:type="linear">
        <item android:offset="0" android:color="#FFCF202D"/>
        <item android:offset="1" android:color="#FFD62C37"/>
      </gradient>
    </aapt:attr>
  </path>
</vector>
