<vector xmlns:android="http://schemas.android.com/apk/res/android"
    xmlns:aapt="http://schemas.android.com/aapt"
    android:width="32dp"
    android:height="32dp"
    android:viewportWidth="32"
    android:viewportHeight="32">
  <path
      android:pathData="M0,17L5,7l5,16l4,-10l3,8l3,-11l6,16l6,-20v26H0L0,17z"
      android:fillType="evenOdd">
    <aapt:attr name="android:fillColor">
      <gradient 
          android:startY="6"
          android:startX="16"
          android:endY="32"
          android:endX="16"
          android:type="linear">
        <item android:offset="0" android:color="#FFFFFFFF"/>
        <item android:offset="0" android:color="#7F8D8E92"/>
        <item android:offset="0.9112" android:color="#F38D8E92"/>
        <item android:offset="1" android:color="#FF8D8E92"/>
      </gradient>
    </aapt:attr>
  </path>
  <path
      android:pathData="M1,17l4,-12l5,19l4,-11l3,8l3,-12l6,17l5,-20"
      android:strokeLineJoin="round"
      android:strokeWidth="2"
      android:fillColor="#00000000"
      android:strokeColor="#7F7F81"
      android:strokeLineCap="round"/>
</vector>
