<vector xmlns:android="http://schemas.android.com/apk/res/android"
    xmlns:aapt="http://schemas.android.com/aapt"
    android:width="39dp"
    android:height="39dp"
    android:viewportWidth="39"
    android:viewportHeight="39">
  <path
      android:pathData="M37,4C37,4 37,4 37,4c0,-0.6 -0.4,-1 -1,-1H3C2.4,3 2,3.4 2,4v31c0,0.6 0.4,1 1,1h33c0.6,0 1,-0.4 1,-1c0,0 0,0 0,0V4zM17,5h18v29H17V5zM15,34H4V5h11V34z">
    <aapt:attr name="android:fillColor">
      <gradient 
          android:startY="3"
          android:startX="19.5"
          android:endY="36"
          android:endX="19.5"
          android:type="linear">
        <item android:offset="0" android:color="#FF00A0FF"/>
        <item android:offset="1" android:color="#FF047BDF"/>
      </gradient>
    </aapt:attr>
  </path>
  <path
      android:pathData="M12,19H7c-0.6,0 -1,0.4 -1,1c0,0.6 0.4,1 1,1h5c0.6,0 1,-0.4 1,-1C13,19.4 12.6,19 12,19z">
    <aapt:attr name="android:fillColor">
      <gradient 
          android:startY="19"
          android:startX="9.5"
          android:endY="21"
          android:endX="9.5"
          android:type="linear">
        <item android:offset="0" android:color="#FF00A0FF"/>
        <item android:offset="1" android:color="#FF047BDF"/>
      </gradient>
    </aapt:attr>
  </path>
  <path
      android:pathData="M7,16h5c0.6,0 1,-0.4 1,-1c0,-0.6 -0.4,-1 -1,-1H7c-0.6,0 -1,0.4 -1,1C6,15.6 6.4,16 7,16z">
    <aapt:attr name="android:fillColor">
      <gradient 
          android:startY="14"
          android:startX="9.5"
          android:endY="16"
          android:endX="9.5"
          android:type="linear">
        <item android:offset="0" android:color="#FF00A0FF"/>
        <item android:offset="1" android:color="#FF047BDF"/>
      </gradient>
    </aapt:attr>
  </path>
  <path
      android:pathData="M7,11h5c0.6,0 1,-0.4 1,-1c0,-0.6 -0.4,-1 -1,-1H7c-0.6,0 -1,0.4 -1,1C6,10.6 6.4,11 7,11z">
    <aapt:attr name="android:fillColor">
      <gradient 
          android:startY="9"
          android:startX="9.5"
          android:endY="11"
          android:endX="9.5"
          android:type="linear">
        <item android:offset="0" android:color="#FF00A0FF"/>
        <item android:offset="1" android:color="#FF047BDF"/>
      </gradient>
    </aapt:attr>
  </path>
</vector>
