<vector xmlns:android="http://schemas.android.com/apk/res/android"
    xmlns:aapt="http://schemas.android.com/aapt"
    android:width="303.8dp"
    android:height="159dp"
    android:viewportWidth="303.8"
    android:viewportHeight="159">
  <path
      android:pathData="M0.1,0h304v159h-304z"
      android:fillColor="#FFFFFF"/>
  <path
      android:pathData="M173.8,44.2l-28.3,-44.2l-44.7,111.6z">
    <aapt:attr name="android:fillColor">
      <gradient 
          android:gradientRadius="198.5359"
          android:centerX="65.8757"
          android:centerY="67.6829"
          android:type="radial">
        <item android:offset="0.1531" android:color="#FFFFFFFF"/>
        <item android:offset="0.4493" android:color="#FFF8F8F8"/>
        <item android:offset="0.8943" android:color="#FFE3E3E4"/>
        <item android:offset="1" android:color="#FFDDDDDE"/>
      </gradient>
    </aapt:attr>
  </path>
  <path
      android:pathData="M162.4,130l93.9,14.4l-82.5,-100.2z">
    <aapt:attr name="android:fillColor">
      <gradient 
          android:gradientRadius="200.4453"
          android:centerX="216.2416"
          android:centerY="-14.0368"
          android:type="radial">
        <item android:offset="0.1531" android:color="#FFFFFFFF"/>
        <item android:offset="0.4493" android:color="#FFF8F8F8"/>
        <item android:offset="0.8943" android:color="#FFE3E3E4"/>
        <item android:offset="1" android:color="#FFDDDDDE"/>
      </gradient>
    </aapt:attr>
  </path>
  <path
      android:pathData="M145.5,0l-70.8,0l26.1,111.6z">
    <aapt:attr name="android:fillColor">
      <gradient 
          android:gradientRadius="254.1493"
          android:centerX="78.7828"
          android:centerY="121.7292"
          android:type="radial">
        <item android:offset="0.1531" android:color="#FFFFFFFF"/>
        <item android:offset="0.4493" android:color="#FFF8F8F8"/>
        <item android:offset="0.8943" android:color="#FFE3E3E4"/>
        <item android:offset="1" android:color="#FFDDDDDE"/>
      </gradient>
    </aapt:attr>
  </path>
  <path
      android:pathData="M174.8,0l-29.3,0l28.3,44.2z"
      android:fillColor="#EAEAEA"/>
  <path
      android:pathData="M100.8,111.6l-26.1,-111.6l-11.1,0l-50.5,51.8z"
      android:fillColor="#FAFAFA"/>
  <path
      android:pathData="M270.2,42l-59.2,-42l-36.2,0l-1.1,44.2z">
    <aapt:attr name="android:fillColor">
      <gradient 
          android:startY="22.1"
          android:startX="152.5287"
          android:endY="22.1"
          android:endX="249.0287"
          android:type="linear">
        <item android:offset="0" android:color="#FFEAEAEA"/>
        <item android:offset="1" android:color="#FFFEFEFE"/>
      </gradient>
    </aapt:attr>
  </path>
  <path
      android:pathData="M13.1,51.8l-13,62.3l0,9.9l100.7,-12.4z">
    <aapt:attr name="android:fillColor">
      <gradient 
          android:gradientRadius="266.8425"
          android:centerX="-63.6217"
          android:centerY="114.0926"
          android:type="radial">
        <item android:offset="0.1531" android:color="#FFFFFFFF"/>
        <item android:offset="0.4493" android:color="#FFF8F8F8"/>
        <item android:offset="0.8943" android:color="#FFE3E3E4"/>
        <item android:offset="1" android:color="#FFDDDDDE"/>
      </gradient>
    </aapt:attr>
  </path>
  <path
      android:pathData="M148.5,159l20.2,0l-6.3,-29z"
      android:fillColor="#F5F5F5"/>
  <path
      android:pathData="M162.4,130l6.3,29l75.5,0l12.1,-14.6z"
      android:fillColor="#EFEFEF"/>
  <path
      android:pathData="M256.3,144.4l14,-102.5l-96.5,2.3z">
    <aapt:attr name="android:fillColor">
      <gradient 
          android:gradientRadius="263.7987"
          android:centerX="179.2695"
          android:centerY="153.6732"
          android:type="radial">
        <item android:offset="0.1531" android:color="#FFFFFFFF"/>
        <item android:offset="0.4493" android:color="#FFF8F8F8"/>
        <item android:offset="0.8943" android:color="#FFE3E3E4"/>
        <item android:offset="1" android:color="#FFDDDDDE"/>
      </gradient>
    </aapt:attr>
  </path>
  <path
      android:pathData="M100.8,111.6l1.7,47.4l46,0l13.9,-29z"
      android:fillColor="#EFEFEF"/>
  <path
      android:pathData="M48,159l54.6,0l-1.8,-47.4z">
    <aapt:attr name="android:fillColor">
      <gradient 
          android:gradientRadius="64.8613"
          android:centerX="90.884"
          android:centerY="126.7188"
          android:type="radial">
        <item android:offset="0.1531" android:color="#FFFFFFFF"/>
        <item android:offset="0.4493" android:color="#FFF8F8F8"/>
        <item android:offset="0.8943" android:color="#FFE3E3E4"/>
        <item android:offset="1" android:color="#FFDDDDDE"/>
      </gradient>
    </aapt:attr>
  </path>
  <path
      android:pathData="M0.1,124l0,35l47.9,0l52.8,-47.4z">
    <aapt:attr name="android:fillColor">
      <gradient 
          android:startY="135.3"
          android:startX="5.5487"
          android:endY="135.3"
          android:endX="106.2487"
          android:type="linear">
        <item android:offset="0" android:color="#FFEAEAEA"/>
        <item android:offset="1" android:color="#FFFEFEFE"/>
      </gradient>
    </aapt:attr>
  </path>
  <path
      android:pathData="M256.3,144.4l47.8,-12.7l0,-69.1l-33.9,-20.6z">
    <aapt:attr name="android:fillColor">
      <gradient 
          android:startY="93.2"
          android:startX="258.8871"
          android:endY="93.2"
          android:endX="306.6871"
          android:type="linear">
        <item android:offset="0" android:color="#FFEAEAEA"/>
        <item android:offset="1" android:color="#FFFEFEFE"/>
      </gradient>
    </aapt:attr>
  </path>
  <path
      android:pathData="M244.2,159l23.2,0l-11.1,-14.6z">
    <aapt:attr name="android:fillColor">
      <gradient 
          android:startY="149.7368"
          android:startX="246.5943"
          android:endY="159.7712"
          android:endX="265.279"
          android:type="linear">
        <item android:offset="0" android:color="#FFF2F2F2"/>
        <item android:offset="0.1972" android:color="#FFF5F5F5"/>
        <item android:offset="1" android:color="#FFFEFEFE"/>
      </gradient>
    </aapt:attr>
  </path>
  <path
      android:pathData="M294.9,0l-83.9,0l59.3,41.9z"
      android:fillColor="#FEFEFE"/>
  <path
      android:pathData="M294.9,0l-24.6,41.9l33.8,-22.2l0,-19.7z"
      android:fillColor="#F7F7F7"/>
  <path
      android:pathData="M0.1,57l0,57.1l13,-62.3z"
      android:fillColor="#F1F1F1"/>
  <path
      android:pathData="M0.1,49.3l0,7.7l13,-5.2z"
      android:fillColor="#EEEEEE"/>
  <path
      android:pathData="M0.1,38.7l0,10.6l13,2.5z"
      android:fillColor="#F3F3F3"/>
  <path
      android:pathData="M63.7,0H0.1v38.7c4.3,4.4 8.7,8.8 13,13.2C30,34.5 46.8,17.3 63.7,0z"
      android:fillColor="#F8F8F8"/>
  <path
      android:pathData="M267.4,159l36.7,0l0,-27.3l-47.8,12.7z"
      android:fillColor="#F5F5F5"/>
  <path
      android:pathData="M304.1,62.6l0,-13.1l-33.8,-7.6z"
      android:fillColor="#EDEDED"/>
  <path
      android:pathData="M304.1,49.5l0,-29.8l-33.9,22.2z"
      android:fillColor="#F1F1F1"/>
  <path
      android:pathData="M162.4,130l11.4,-85.8l-73,67.4z"
      android:fillColor="#EFEFEF"/>
</vector>
