<vector xmlns:android="http://schemas.android.com/apk/res/android"
    xmlns:aapt="http://schemas.android.com/aapt"
    android:width="39dp"
    android:height="39dp"
    android:viewportWidth="39"
    android:viewportHeight="39">
  <path
      android:pathData="M35,3L35,3H2C1.4,3 1,3.4 1,4v31c0,0.6 0.4,1 1,1h14c0.6,0 1,-0.4 1,-1s-0.4,-1 -1,-1V5h18v12c0,0.6 0.4,1 1,1l0,0c0.6,0 1,-0.4 1,-1V4C36,3.4 35.6,3 35,3zM14,34H3V5h11V34z">
    <aapt:attr name="android:fillColor">
      <gradient 
          android:startY="3"
          android:startX="18.5"
          android:endY="36"
          android:endX="18.5"
          android:type="linear">
        <item android:offset="0" android:color="#FF00A0FF"/>
        <item android:offset="1" android:color="#FF047BDF"/>
      </gradient>
    </aapt:attr>
  </path>
  <path
      android:pathData="M11,19H6c-0.6,0 -1,0.4 -1,1s0.4,1 1,1h5c0.6,0 1,-0.4 1,-1S11.6,19 11,19z">
    <aapt:attr name="android:fillColor">
      <gradient 
          android:startY="20"
          android:startX="5"
          android:endY="20"
          android:endX="12"
          android:type="linear">
        <item android:offset="0" android:color="#FF028DEE"/>
        <item android:offset="1" android:color="#FF028DEE"/>
      </gradient>
    </aapt:attr>
  </path>
  <path
      android:pathData="M6,16h5c0.6,0 1,-0.4 1,-1s-0.4,-1 -1,-1H6c-0.6,0 -1,0.4 -1,1S5.4,16 6,16z">
    <aapt:attr name="android:fillColor">
      <gradient 
          android:startY="15"
          android:startX="5"
          android:endY="15"
          android:endX="12"
          android:type="linear">
        <item android:offset="0" android:color="#FF0193F3"/>
        <item android:offset="1" android:color="#FF0193F3"/>
      </gradient>
    </aapt:attr>
  </path>
  <path
      android:pathData="M6,11h5c0.6,0 1,-0.4 1,-1s-0.4,-1 -1,-1H6c-0.6,0 -1,0.4 -1,1S5.4,11 6,11z">
    <aapt:attr name="android:fillColor">
      <gradient 
          android:startY="9"
          android:startX="8.5"
          android:endY="11"
          android:endX="8.5"
          android:type="linear">
        <item android:offset="0" android:color="#FF0198F8"/>
        <item android:offset="1" android:color="#FF0198F8"/>
      </gradient>
    </aapt:attr>
  </path>
  <path
      android:fillColor="#FF000000"
      android:pathData="M35.6,29.1c0,-0.3 0.1,-0.6 0.1,-1s0,-0.7 -0.1,-1l2.1,-1.6c0.2,-0.1 0.2,-0.4 0.1,-0.6l-2,-3.5c-0.1,-0.2 -0.3,-0.3 -0.4,-0.3c-0.1,0 -0.1,0 -0.2,0l-2.5,1c-0.5,-0.4 -1.1,-0.7 -1.7,-1l-0.4,-2.6c0,-0.2 -0.2,-0.4 -0.5,-0.4h-4c-0.3,0 -0.5,0.2 -0.5,0.4l-0.4,2.6c-0.6,0.3 -1.2,0.6 -1.7,1l-2.5,-1c-0.1,0 -0.1,0 -0.2,0c-0.2,0 -0.3,0.1 -0.4,0.3l-2,3.5c-0.1,0.2 -0.1,0.5 0.1,0.6l2.1,1.7c0,0.3 -0.1,0.6 -0.1,1c0,0.3 0,0.7 0.1,1l-2.1,1.6c-0.2,0.1 -0.2,0.4 -0.1,0.6l2,3.5c0.1,0.2 0.3,0.3 0.4,0.3s0.1,0 0.2,0l2.5,-1c0.5,0.4 1.1,0.7 1.7,1l0.4,2.6c0,0.2 0.2,0.4 0.5,0.4h4c0.3,0 0.5,-0.2 0.5,-0.4L31,35c0.6,-0.3 1.2,-0.6 1.7,-1l2.5,1c0.1,0 0.1,0 0.2,0c0.2,0 0.3,-0.1 0.4,-0.3l2,-3.5c0.1,-0.2 0.1,-0.5 -0.1,-0.6L35.6,29.1zM33.6,27.4c0,0.3 0,0.5 0,0.7s0,0.4 0,0.7L33.5,30l0.9,0.7l1.1,0.8l-0.7,1.2l-1.3,-0.5l-1,-0.4l-0.9,0.7c-0.4,0.3 -0.8,0.6 -1.3,0.7l-1.1,0.4L29,34.8l-0.2,1.3h-1.4l-0.2,-1.3L27,33.7l-1,-0.5c-0.4,-0.2 -0.8,-0.4 -1.2,-0.7l-0.9,-0.7l-1.1,0.4l-1.3,0.5l-0.7,-1.2l1.1,-0.8l0.9,-0.7l-0.1,-1.1c0,-0.3 0,-0.5 0,-0.7s0,-0.4 0,-0.7l0.1,-1.1l-0.9,-0.7l-1.1,-0.8l0.7,-1.2l1.3,0.5l1,0.4l0.9,-0.7c0.4,-0.3 0.8,-0.6 1.3,-0.7l1.1,-0.4l0.2,-1.1l0.2,-1.4h1.4l0.2,1.4l0.2,1.1l1.1,0.4c0.4,0.2 0.8,0.4 1.2,0.7l0.9,0.7l1.1,-0.4l1.3,-0.5l0.7,1.2l-1.1,0.9l-0.9,0.7C33.5,26.2 33.6,27.4 33.6,27.4zM28.8,24.1c-2.7,-0.4 -5,1.9 -4.6,4.6c0.3,1.7 1.6,3.1 3.3,3.3c2.7,0.4 5,-1.9 4.6,-4.6C31.8,25.8 30.5,24.4 28.8,24.1zM28.1,30.1c-1.1,0 -2,-0.9 -2,-2s0.9,-2 2,-2s2,0.9 2,2S29.2,30.1 28.1,30.1z"/>
  <path
      android:pathData="M35.6,29.1c0,-0.3 0.1,-0.6 0.1,-1s0,-0.7 -0.1,-1l2.1,-1.6c0.2,-0.1 0.2,-0.4 0.1,-0.6l-2,-3.5c-0.1,-0.2 -0.3,-0.3 -0.4,-0.3c-0.1,0 -0.1,0 -0.2,0l-2.5,1c-0.5,-0.4 -1.1,-0.7 -1.7,-1l-0.4,-2.6c0,-0.2 -0.2,-0.4 -0.5,-0.4h-4c-0.3,0 -0.5,0.2 -0.5,0.4l-0.4,2.6c-0.6,0.3 -1.2,0.6 -1.7,1l-2.5,-1c-0.1,0 -0.1,0 -0.2,0c-0.2,0 -0.3,0.1 -0.4,0.3l-2,3.5c-0.1,0.2 -0.1,0.5 0.1,0.6l2.1,1.7c0,0.3 -0.1,0.6 -0.1,1c0,0.3 0,0.7 0.1,1l-2.1,1.6c-0.2,0.1 -0.2,0.4 -0.1,0.6l2,3.5c0.1,0.2 0.3,0.3 0.4,0.3s0.1,0 0.2,0l2.5,-1c0.5,0.4 1.1,0.7 1.7,1l0.4,2.6c0,0.2 0.2,0.4 0.5,0.4h4c0.3,0 0.5,-0.2 0.5,-0.4L31,35c0.6,-0.3 1.2,-0.6 1.7,-1l2.5,1c0.1,0 0.1,0 0.2,0c0.2,0 0.3,-0.1 0.4,-0.3l2,-3.5c0.1,-0.2 0.1,-0.5 -0.1,-0.6L35.6,29.1zM33.6,27.4c0,0.3 0,0.5 0,0.7s0,0.4 0,0.7L33.5,30l0.9,0.7l1.1,0.8l-0.7,1.2l-1.3,-0.5l-1,-0.4l-0.9,0.7c-0.4,0.3 -0.8,0.6 -1.3,0.7l-1.1,0.4L29,34.8l-0.2,1.3h-1.4l-0.2,-1.3L27,33.7l-1,-0.5c-0.4,-0.2 -0.8,-0.4 -1.2,-0.7l-0.9,-0.7l-1.1,0.4l-1.3,0.5l-0.7,-1.2l1.1,-0.8l0.9,-0.7l-0.1,-1.1c0,-0.3 0,-0.5 0,-0.7s0,-0.4 0,-0.7l0.1,-1.1l-0.9,-0.7l-1.1,-0.8l0.7,-1.2l1.3,0.5l1,0.4l0.9,-0.7c0.4,-0.3 0.8,-0.6 1.3,-0.7l1.1,-0.4l0.2,-1.1l0.2,-1.4h1.4l0.2,1.4l0.2,1.1l1.1,0.4c0.4,0.2 0.8,0.4 1.2,0.7l0.9,0.7l1.1,-0.4l1.3,-0.5l0.7,1.2l-1.1,0.9l-0.9,0.7C33.5,26.2 33.6,27.4 33.6,27.4zM28.8,24.1c-2.7,-0.4 -5,1.9 -4.6,4.6c0.3,1.7 1.6,3.1 3.3,3.3c2.7,0.4 5,-1.9 4.6,-4.6C31.8,25.8 30.5,24.4 28.8,24.1zM28.1,30.1c-1.1,0 -2,-0.9 -2,-2s0.9,-2 2,-2s2,0.9 2,2S29.2,30.1 28.1,30.1z">
    <aapt:attr name="android:fillColor">
      <gradient 
          android:startY="18.1"
          android:startX="28.1"
          android:endY="38.1"
          android:endX="28.1"
          android:type="linear">
        <item android:offset="0" android:color="#FF0290F1"/>
        <item android:offset="1" android:color="#FF047BDF"/>
      </gradient>
    </aapt:attr>
  </path>
</vector>
