<vector xmlns:android="http://schemas.android.com/apk/res/android"
    xmlns:aapt="http://schemas.android.com/aapt"
    android:width="39dp"
    android:height="39dp"
    android:viewportWidth="39"
    android:viewportHeight="39">
  <path
      android:pathData="M20,3C11.2,3 4,10.2 4,19s7.2,16 16,16s16,-7.2 16,-16S28.8,3 20,3zM20,33c-7.7,0 -14,-6.3 -14,-14S12.3,5 20,5s14,6.3 14,14S27.7,33 20,33z">
    <aapt:attr name="android:fillColor">
      <gradient 
          android:startY="3.1307"
          android:startX="20"
          android:endY="35.1307"
          android:endX="20"
          android:type="linear">
        <item android:offset="0" android:color="#FF00A0FF"/>
        <item android:offset="1" android:color="#FF047BDF"/>
      </gradient>
    </aapt:attr>
  </path>
  <path
      android:pathData="M21,16.2V12c0,-0.6 -0.4,-1 -1,-1s-1,0.4 -1,1v4.2c-1.2,0.4 -2,1.5 -2,2.8c0,0.5 0.1,0.9 0.3,1.3l-5.1,5.1c-0.4,0.4 -0.4,1 0,1.4h0c0.4,0.4 1,0.4 1.4,0l5.1,-5.1c0.4,0.2 0.8,0.3 1.3,0.3c1.7,0 3,-1.3 3,-3C23,17.7 22.2,16.6 21,16.2zM20,20c-0.6,0 -1,-0.4 -1,-1c0,-0.6 0.4,-1 1,-1s1,0.4 1,1C21,19.6 20.6,20 20,20z">
    <aapt:attr name="android:fillColor">
      <gradient 
          android:startY="11.1794"
          android:startX="17.3871"
          android:endY="26.6865"
          android:endX="17.4928"
          android:type="linear">
        <item android:offset="0" android:color="#FF0196F7"/>
        <item android:offset="1" android:color="#FF0385E8"/>
      </gradient>
    </aapt:attr>
  </path>
  <path
      android:pathData="M9,18H8c-0.6,0 -1,0.4 -1,1c0,0.6 0.4,1 1,1h1c0.6,0 1,-0.4 1,-1C10,18.4 9.6,18 9,18z">
    <aapt:attr name="android:fillColor">
      <gradient 
          android:startY="18"
          android:startX="8.5"
          android:endY="20"
          android:endX="8.5"
          android:type="linear">
        <item android:offset="0" android:color="#FF028EF0"/>
        <item android:offset="1" android:color="#FF028DEE"/>
      </gradient>
    </aapt:attr>
  </path>
  <path
      android:pathData="M32,18h-1c-0.6,0 -1,0.4 -1,1c0,0.6 0.4,1 1,1h1c0.6,0 1,-0.4 1,-1C33,18.4 32.6,18 32,18z">
    <aapt:attr name="android:fillColor">
      <gradient 
          android:startY="18"
          android:startX="31.5"
          android:endY="20"
          android:endX="31.5"
          android:type="linear">
        <item android:offset="0" android:color="#FF028EF0"/>
        <item android:offset="1" android:color="#FF028DEF"/>
      </gradient>
    </aapt:attr>
  </path>
  <path
      android:pathData="M20,29c-0.6,0 -1,0.4 -1,1v1c0,0.6 0.4,1 1,1s1,-0.4 1,-1v-1C21,29.4 20.6,29 20,29z">
    <aapt:attr name="android:fillColor">
      <gradient 
          android:startY="29"
          android:startX="20"
          android:endY="32"
          android:endX="20"
          android:type="linear">
        <item android:offset="0" android:color="#FF0382E5"/>
        <item android:offset="1" android:color="#FF047FE3"/>
      </gradient>
    </aapt:attr>
  </path>
  <path
      android:pathData="M20,9c0.6,0 1,-0.4 1,-1V7c0,-0.6 -0.4,-1 -1,-1s-1,0.4 -1,1v1C19,8.6 19.4,9 20,9z">
    <aapt:attr name="android:fillColor">
      <gradient 
          android:startY="6"
          android:startX="20"
          android:endY="9"
          android:endX="20"
          android:type="linear">
        <item android:offset="0" android:color="#FF009CFC"/>
        <item android:offset="1" android:color="#FF019AFA"/>
      </gradient>
    </aapt:attr>
  </path>
</vector>
