<vector xmlns:android="http://schemas.android.com/apk/res/android"
    xmlns:aapt="http://schemas.android.com/aapt"
    android:width="39dp"
    android:height="39dp"
    android:viewportWidth="39"
    android:viewportHeight="39">
  <path
      android:pathData="M31.1,15.5l2.4,2.4L22.8,28.6c-0.1,0 -0.1,0 -0.2,0.1l-3.3,0.8l1,-3.1v-0.1L31.1,15.5M31.1,13c-0.2,0 -0.4,0.1 -0.5,0.2L18.7,25c-0.1,0.1 -0.3,0.5 -0.3,0.7l-1.9,5.7c0,0.3 0.3,0.6 0.6,0.6l6,-1.4c0.2,0 0.8,-0.2 0.9,-0.3l11.8,-11.8c0.3,-0.3 0.3,-0.8 0,-1.1l-4.2,-4.2C31.4,13.1 31.3,13 31.1,13L31.1,13z">
    <aapt:attr name="android:fillColor">
      <gradient 
          android:startY="15.7067"
          android:startX="26.2625"
          android:endY="29.5248"
          android:endX="26.2625"
          android:type="linear">
        <item android:offset="0" android:color="#FF0195F6"/>
        <item android:offset="1" android:color="#FF0380E4"/>
      </gradient>
    </aapt:attr>
  </path>
  <path
      android:pathData="M32.8,19.1L30,16.2c-0.4,-0.4 -1,-0.4 -1.4,0s-0.4,1 0,1.4l2.8,2.8c0.4,0.4 1,0.4 1.4,0C33.2,20.1 33.2,19.5 32.8,19.1z">
    <aapt:attr name="android:fillColor">
      <gradient 
          android:startY="15.8636"
          android:startX="30.7"
          android:endY="20.692"
          android:endX="30.7"
          android:type="linear">
        <item android:offset="0" android:color="#FF0195F6"/>
        <item android:offset="1" android:color="#FF028EF0"/>
      </gradient>
    </aapt:attr>
  </path>
  <path
      android:pathData="M22.7,29c0.4,0.4 1,0.4 1.4,0s0.4,-1 0,-1.4l-2.8,-2.8c-0.4,-0.4 -1,-0.4 -1.4,0s-0.4,1 0,1.4L22.7,29z">
    <aapt:attr name="android:fillColor">
      <gradient 
          android:startY="24.492"
          android:startX="22"
          android:endY="29.3204"
          android:endX="22"
          android:type="linear">
        <item android:offset="0" android:color="#FF0287EA"/>
        <item android:offset="1" android:color="#FF0382E6"/>
      </gradient>
    </aapt:attr>
  </path>
  <path
      android:pathData="M30,27c-0.6,0 -1,0.4 -1,1v6H6V6h23v4c0,0.6 0.4,1 1,1s1,-0.4 1,-1V5l0,0c0,-0.6 -0.4,-1 -1,-1H5C4.4,4 4,4.4 4,5v30c0,0.6 0.4,1 1,1h25c0.6,0 1,-0.4 1,-1v-7C31,27.4 30.6,27 30,27z">
    <aapt:attr name="android:fillColor">
      <gradient 
          android:startY="4"
          android:startX="17.5"
          android:endY="36"
          android:endX="17.5"
          android:type="linear">
        <item android:offset="0" android:color="#FF00A0FF"/>
        <item android:offset="1" android:color="#FF047BDF"/>
      </gradient>
    </aapt:attr>
  </path>
  <path
      android:pathData="M22,16H10c-0.6,0 -1,0.4 -1,1s0.4,1 1,1h12c0.6,0 1,-0.4 1,-1S22.6,16 22,16z">
    <aapt:attr name="android:fillColor">
      <gradient 
          android:startY="15.9999"
          android:startX="16"
          android:endY="17.9999"
          android:endX="16"
          android:type="linear">
        <item android:offset="0" android:color="#FF0292F3"/>
        <item android:offset="1" android:color="#FF0290F1"/>
      </gradient>
    </aapt:attr>
  </path>
  <path
      android:pathData="M11.5,9.5m-1.5,0a1.5,1.5 0,1 1,3 0a1.5,1.5 0,1 1,-3 0">
    <aapt:attr name="android:fillColor">
      <gradient 
          android:startY="8"
          android:startX="11.5"
          android:endY="11"
          android:endX="11.5"
          android:type="linear">
        <item android:offset="0" android:color="#FF019BFA"/>
        <item android:offset="1" android:color="#FF0198F8"/>
      </gradient>
    </aapt:attr>
  </path>
  <path
      android:pathData="M9.7,14h3.6c0.5,0 0.8,-0.6 0.7,-1.1c-0.4,-1.1 -1.4,-1.9 -2.5,-1.9S9.4,11.8 9,12.9C8.9,13.4 9.2,14 9.7,14z">
    <aapt:attr name="android:fillColor">
      <gradient 
          android:startY="11"
          android:startX="11.5"
          android:endY="14"
          android:endX="11.5"
          android:type="linear">
        <item android:offset="0" android:color="#FF0198F8"/>
        <item android:offset="1" android:color="#FF0195F5"/>
      </gradient>
    </aapt:attr>
  </path>
  <path
      android:pathData="M17,21h-7c-0.6,0 -1,0.4 -1,1c0,0.6 0.4,1 1,1h7c0.6,0 1,-0.4 1,-1C18,21.4 17.6,21 17,21z">
    <aapt:attr name="android:fillColor">
      <gradient 
          android:startY="20.9999"
          android:startX="13.5"
          android:endY="22.9999"
          android:endX="13.5"
          android:type="linear">
        <item android:offset="0" android:color="#FF028CEE"/>
        <item android:offset="1" android:color="#FF028AEC"/>
      </gradient>
    </aapt:attr>
  </path>
  <path
      android:pathData="M14,26h-4c-0.6,0 -1,0.4 -1,1s0.4,1 1,1h4c0.6,0 1,-0.4 1,-1S14.6,26 14,26z">
    <aapt:attr name="android:fillColor">
      <gradient 
          android:startY="25.9999"
          android:startX="12"
          android:endY="27.9999"
          android:endX="12"
          android:type="linear">
        <item android:offset="0" android:color="#FF0387E9"/>
        <item android:offset="1" android:color="#FF0384E7"/>
      </gradient>
    </aapt:attr>
  </path>
  <path
      android:pathData="M25,11h-8c-0.6,0 -1,0.4 -1,1s0.4,1 1,1h8c0.6,0 1,-0.4 1,-1S25.6,11 25,11z">
    <aapt:attr name="android:fillColor">
      <gradient 
          android:startY="10.9999"
          android:startX="21"
          android:endY="12.9999"
          android:endX="21"
          android:type="linear">
        <item android:offset="0" android:color="#FF0197F8"/>
        <item android:offset="1" android:color="#FF0196F6"/>
      </gradient>
    </aapt:attr>
  </path>
</vector>
