<vector xmlns:android="http://schemas.android.com/apk/res/android"
    xmlns:aapt="http://schemas.android.com/aapt"
    android:width="39dp"
    android:height="39dp"
    android:viewportWidth="39"
    android:viewportHeight="39">
  <path
      android:pathData="M12,27h-1V12h1c0.6,0 1,-0.4 1,-1s-0.4,-1 -1,-1H8c-0.6,0 -1,0.4 -1,1s0.4,1 1,1h1v15H8c-0.6,0 -1,0.4 -1,1s0.4,1 1,1h4c0.6,0 1,-0.4 1,-1S12.6,27 12,27z">
    <aapt:attr name="android:fillColor">
      <gradient 
          android:startY="10"
          android:startX="10"
          android:endY="29"
          android:endX="10"
          android:type="linear">
        <item android:offset="0" android:color="#FF00A0FF"/>
        <item android:offset="1" android:color="#FF047BDF"/>
      </gradient>
    </aapt:attr>
  </path>
  <path
      android:pathData="M6,14c0.6,0 1,-0.4 1,-1s-0.4,-1 -1,-1H3c-0.6,0 -1,0.4 -1,1v13c0,0.6 0.4,1 1,1h3c0.6,0 1,-0.4 1,-1s-0.4,-1 -1,-1H4V14H6z">
    <aapt:attr name="android:fillColor">
      <gradient 
          android:startY="12.0322"
          android:startX="4.5"
          android:endY="27.0322"
          android:endX="4.5"
          android:type="linear">
        <item android:offset="0" android:color="#FF0197F7"/>
        <item android:offset="1" android:color="#FF0384E7"/>
      </gradient>
    </aapt:attr>
  </path>
  <path
      android:pathData="M36,12H14c-0.6,0 -1,0.4 -1,1s0.4,1 1,1h21v11H14c-0.6,0 -1,0.4 -1,1s0.4,1 1,1h22c0.6,0 1,-0.4 1,-1V13C37,12.4 36.6,12 36,12z">
    <aapt:attr name="android:fillColor">
      <gradient 
          android:startY="12.0322"
          android:startX="25"
          android:endY="27.0322"
          android:endX="25"
          android:type="linear">
        <item android:offset="0" android:color="#FF0197F7"/>
        <item android:offset="1" android:color="#FF0384E7"/>
      </gradient>
    </aapt:attr>
  </path>
</vector>
