<vector xmlns:android="http://schemas.android.com/apk/res/android"
    xmlns:aapt="http://schemas.android.com/aapt"
    android:width="39dp"
    android:height="39dp"
    android:viewportWidth="39"
    android:viewportHeight="39">
  <path
      android:pathData="M35,4h-4V3c0,-0.6 -0.4,-1 -1,-1c-0.6,0 -1,0.4 -1,1v4c0,0.6 0.4,1 1,1c0.6,0 1,-0.4 1,-1V6h3v4H4V6h2c0.6,0 1,-0.4 1,-1S6.6,4 6,4H3C2.4,4 2,4.4 2,5v30c0,0.6 0.4,1 1,1h32c0.6,0 1,-0.4 1,-1V5C36,4.4 35.6,4 35,4zM34,12v22H4V12H34z">
    <aapt:attr name="android:fillColor">
      <gradient 
          android:startY="2"
          android:startX="19"
          android:endY="36"
          android:endX="19"
          android:type="linear">
        <item android:offset="0" android:color="#FF00A0FF"/>
        <item android:offset="1" android:color="#FF047DE0"/>
      </gradient>
    </aapt:attr>
  </path>
  <path
      android:pathData="M10,8c0.6,0 1,-0.4 1,-1V6h15c0.6,0 1,-0.4 1,-1s-0.4,-1 -1,-1H11V3c0,-0.6 -0.4,-1 -1,-1C9.4,2 9,2.4 9,3v4C9,7.6 9.4,8 10,8z">
    <aapt:attr name="android:fillColor">
      <gradient 
          android:startY="2"
          android:startX="18"
          android:endY="8"
          android:endX="18"
          android:type="linear">
        <item android:offset="0" android:color="#FF00A0FF"/>
        <item android:offset="1" android:color="#FF019AFA"/>
      </gradient>
    </aapt:attr>
  </path>
  <path
      android:pathData="M12,15H8c-0.6,0 -1,0.4 -1,1v4c0,0.6 0.4,1 1,1h4c0.6,0 1,-0.4 1,-1v-4C13,15.4 12.6,15 12,15zM11,17v2H9v-2H11z">
    <aapt:attr name="android:fillColor">
      <gradient 
          android:startY="15"
          android:startX="10"
          android:endY="21"
          android:endX="10"
          android:type="linear">
        <item android:offset="0" android:color="#FF0192F3"/>
        <item android:offset="1" android:color="#FF028CEE"/>
      </gradient>
    </aapt:attr>
  </path>
  <path
      android:pathData="M12,24H8c-0.6,0 -1,0.4 -1,1v4c0,0.6 0.4,1 1,1h4c0.6,0 1,-0.4 1,-1v-4C13,24.4 12.6,24 12,24zM11,26v2H9v-2H11z">
    <aapt:attr name="android:fillColor">
      <gradient 
          android:startY="24"
          android:startX="10"
          android:endY="30"
          android:endX="10"
          android:type="linear">
        <item android:offset="0" android:color="#FF0389EB"/>
        <item android:offset="1" android:color="#FF0383E6"/>
      </gradient>
    </aapt:attr>
  </path>
  <path
      android:pathData="M21,15h-4c-0.6,0 -1,0.4 -1,1v4c0,0.6 0.4,1 1,1h4c0.6,0 1,-0.4 1,-1v-4C22,15.4 21.6,15 21,15zM20,17v2h-2v-2H20z">
    <aapt:attr name="android:fillColor">
      <gradient 
          android:startY="15"
          android:startX="19"
          android:endY="21"
          android:endX="19"
          android:type="linear">
        <item android:offset="0" android:color="#FF0192F3"/>
        <item android:offset="1" android:color="#FF028CEE"/>
      </gradient>
    </aapt:attr>
  </path>
  <path
      android:pathData="M21,24h-4c-0.6,0 -1,0.4 -1,1v4c0,0.6 0.4,1 1,1h4c0.6,0 1,-0.4 1,-1v-4C22,24.4 21.6,24 21,24zM20,26v2h-2v-2H20z">
    <aapt:attr name="android:fillColor">
      <gradient 
          android:startY="24"
          android:startX="19"
          android:endY="30"
          android:endX="19"
          android:type="linear">
        <item android:offset="0" android:color="#FF0389EB"/>
        <item android:offset="1" android:color="#FF0383E6"/>
      </gradient>
    </aapt:attr>
  </path>
  <path
      android:pathData="M30,15h-4c-0.6,0 -1,0.4 -1,1v4c0,0.6 0.4,1 1,1h4c0.6,0 1,-0.4 1,-1v-4C31,15.4 30.6,15 30,15zM29,17v2h-2v-2H29z">
    <aapt:attr name="android:fillColor">
      <gradient 
          android:startY="15"
          android:startX="28"
          android:endY="21"
          android:endX="28"
          android:type="linear">
        <item android:offset="0" android:color="#FF0192F3"/>
        <item android:offset="1" android:color="#FF028CEE"/>
      </gradient>
    </aapt:attr>
  </path>
  <path
      android:pathData="M30,24h-4c-0.6,0 -1,0.4 -1,1v4c0,0.6 0.4,1 1,1h4c0.6,0 1,-0.4 1,-1v-4C31,24.4 30.6,24 30,24zM29,26v2h-2v-2H29z">
    <aapt:attr name="android:fillColor">
      <gradient 
          android:startY="24"
          android:startX="28"
          android:endY="30"
          android:endX="28"
          android:type="linear">
        <item android:offset="0" android:color="#FF0389EB"/>
        <item android:offset="1" android:color="#FF0383E6"/>
      </gradient>
    </aapt:attr>
  </path>
</vector>
