<vector xmlns:android="http://schemas.android.com/apk/res/android"
    xmlns:aapt="http://schemas.android.com/aapt"
    android:width="39dp"
    android:height="39dp"
    android:viewportWidth="39"
    android:viewportHeight="39">
  <path
      android:pathData="M24,25H4V12h20c0.6,0 1,-0.4 1,-1s-0.4,-1 -1,-1H3c-0.6,0 -1,0.4 -1,1v15c0,0.6 0.4,1 1,1h21c0.6,0 1,-0.4 1,-1S24.6,25 24,25z">
    <aapt:attr name="android:fillColor">
      <gradient 
          android:startY="10"
          android:startX="13.5"
          android:endY="27"
          android:endX="13.5"
          android:type="linear">
        <item android:offset="0" android:color="#FF0197F7"/>
        <item android:offset="1" android:color="#FF0386E8"/>
      </gradient>
    </aapt:attr>
  </path>
  <path
      android:pathData="M36,10h-4c-0.6,0 -1,0.4 -1,1s0.4,1 1,1h3v13h-3c-0.6,0 -1,0.4 -1,1s0.4,1 1,1h4c0.6,0 1,-0.4 1,-1V11C37,10.4 36.6,10 36,10z">
    <aapt:attr name="android:fillColor">
      <gradient 
          android:startY="10"
          android:startX="34"
          android:endY="27"
          android:endX="34"
          android:type="linear">
        <item android:offset="0" android:color="#FF0197F7"/>
        <item android:offset="1" android:color="#FF0386E8"/>
      </gradient>
    </aapt:attr>
  </path>
  <path
      android:pathData="M30,27h-1V10h1c0.6,0 1,-0.4 1,-1s-0.4,-1 -1,-1h-4c-0.6,0 -1,0.4 -1,1s0.4,1 1,1h1v17h-1c-0.6,0 -1,0.4 -1,1s0.4,1 1,1h4c0.6,0 1,-0.4 1,-1S30.6,27 30,27z">
    <aapt:attr name="android:fillColor">
      <gradient 
          android:startY="8"
          android:startX="28"
          android:endY="29"
          android:endX="28"
          android:type="linear">
        <item android:offset="0" android:color="#FF019AF9"/>
        <item android:offset="1" android:color="#FF0384E6"/>
      </gradient>
    </aapt:attr>
  </path>
  <path
      android:pathData="M23.9,19.2c-0.2,-0.4 -0.6,-0.6 -1.1,-0.8c0.4,-0.2 0.7,-0.4 1,-0.8c0.2,-0.3 0.4,-0.7 0.4,-1.1c0,-0.8 -0.3,-1.4 -0.8,-1.8c-0.5,-0.4 -1.2,-0.6 -2.1,-0.7l0,0h-0.1c-0.9,0 -1.6,0.2 -2.1,0.7c-0.2,0.2 -0.4,0.4 -0.5,0.6c-0.3,0.5 0.1,1.2 0.7,1.2c0.3,0 0.7,-0.2 0.8,-0.4c0.1,-0.1 0.2,-0.3 0.3,-0.4c0.2,-0.2 0.6,-0.3 0.9,-0.3c0,0 0,0 0.1,0l0,0c0.3,0 0.6,0.1 0.8,0.3c0.2,0.2 0.3,0.5 0.3,0.8c0,0.4 -0.1,0.7 -0.3,0.9c-0.2,0.2 -0.5,0.3 -1,0.3H21l0,0c-0.4,0 -0.7,0.3 -0.7,0.7c0,0.4 0.3,0.7 0.7,0.7l0,0h0.2c1,0 1.4,0.4 1.4,1.3c0,0.4 -0.1,0.7 -0.4,0.9c-0.2,0.2 -0.6,0.3 -1,0.3s-0.7,-0.1 -0.9,-0.3c-0.1,-0.1 -0.2,-0.2 -0.3,-0.4c-0.1,-0.3 -0.5,-0.4 -0.8,-0.4c-0.6,0 -1,0.7 -0.7,1.2c0.1,0.2 0.3,0.4 0.5,0.6c0.6,0.5 1.3,0.7 2.1,0.7c0.9,0 1.7,-0.2 2.3,-0.7c0.6,-0.5 0.9,-1.1 0.9,-1.9C24.2,20 24.1,19.5 23.9,19.2z">
    <aapt:attr name="android:fillColor">
      <gradient 
          android:startY="14"
          android:startX="21.349"
          android:endY="23"
          android:endX="21.349"
          android:type="linear">
        <item android:offset="0" android:color="#FF0293F3"/>
        <item android:offset="1" android:color="#FF038AEC"/>
      </gradient>
    </aapt:attr>
  </path>
  <path
      android:pathData="M16.6,21.6h-3.1l2,-2.1c0.6,-0.6 0.9,-1.1 1.2,-1.6c0.2,-0.5 0.3,-0.9 0.3,-1.3c0,-0.8 -0.3,-1.4 -0.8,-1.9S15,14 14.1,14c-0.6,0 -1.1,0.1 -1.6,0.4c-0.5,0.3 -0.8,0.6 -1.1,1.1c0,0.1 -0.1,0.1 -0.1,0.2c-0.1,0.1 -0.1,0.3 -0.1,0.4c0,0.5 0.4,0.9 0.9,0.9c0.4,0 0.7,-0.2 0.8,-0.6v-0.1c0.1,-0.2 0.1,-0.3 0.2,-0.4c0.2,-0.3 0.5,-0.4 0.9,-0.4s0.7,0.1 0.9,0.3s0.3,0.5 0.3,0.9c0,0.3 -0.1,0.6 -0.3,0.9s-0.5,0.7 -0.9,1.1l-2.9,3c-0.1,0.1 -0.2,0.3 -0.2,0.5c0,0.4 0.3,0.7 0.7,0.7l0,0l0,0h4.9c0.4,0 0.7,-0.3 0.7,-0.7S17,21.6 16.6,21.6z">
    <aapt:attr name="android:fillColor">
      <gradient 
          android:startY="14"
          android:startX="14.05"
          android:endY="23"
          android:endX="14.05"
          android:type="linear">
        <item android:offset="0" android:color="#FF0293F3"/>
        <item android:offset="1" android:color="#FF038AEC"/>
      </gradient>
    </aapt:attr>
  </path>
  <path
      android:pathData="M9.8,14.8c0,-0.1 0,-0.2 -0.1,-0.3c-0.2,-0.4 -0.8,-0.6 -1.2,-0.3l-0.6,0.3l0,0l-1.5,0.9c-0.4,0.2 -0.6,0.8 -0.3,1.2s0.8,0.6 1.2,0.3l0.4,-0.2l0,0L8,16.4v5.7C8,22.6 8.4,23 8.9,23s0.9,-0.4 0.9,-0.9L9.8,14.8L9.8,14.8z">
    <aapt:attr name="android:fillColor">
      <gradient 
          android:startY="14"
          android:startX="7.8778"
          android:endY="23.0032"
          android:endX="7.8778"
          android:type="linear">
        <item android:offset="0" android:color="#FF0293F3"/>
        <item android:offset="1" android:color="#FF038AEC"/>
      </gradient>
    </aapt:attr>
  </path>
</vector>
