<vector xmlns:android="http://schemas.android.com/apk/res/android"
    xmlns:aapt="http://schemas.android.com/aapt"
    android:width="39dp"
    android:height="39dp"
    android:viewportWidth="39"
    android:viewportHeight="39">
  <path
      android:pathData="M33,3H6C5.4,3 5,3.4 5,4v31c0,0.6 0.4,1 1,1h27c0.6,0 1,-0.4 1,-1V4C34,3.4 33.6,3 33,3zM32,5v29H7V5H32z">
    <aapt:attr name="android:fillColor">
      <gradient 
          android:startY="3"
          android:startX="19.5"
          android:endY="36"
          android:endX="19.5"
          android:type="linear">
        <item android:offset="0" android:color="#FF00A0FF"/>
        <item android:offset="1" android:color="#FF047BDF"/>
      </gradient>
    </aapt:attr>
  </path>
  <path
      android:pathData="M19.5,11m-2,0a2,2 0,1 1,4 0a2,2 0,1 1,-4 0">
    <aapt:attr name="android:fillColor">
      <gradient 
          android:startY="9"
          android:startX="19.5"
          android:endY="13"
          android:endX="19.5"
          android:type="linear">
        <item android:offset="0" android:color="#FF0199F9"/>
        <item android:offset="1" android:color="#FF0195F6"/>
      </gradient>
    </aapt:attr>
  </path>
  <path
      android:pathData="M17,17h5c0.7,0 1.2,-0.7 0.9,-1.4C22.4,14 21,13 19.5,13c-1.5,0 -2.9,1 -3.4,2.6C15.8,16.3 16.3,17 17,17z">
    <aapt:attr name="android:fillColor">
      <gradient 
          android:startY="13"
          android:startX="19.5"
          android:endY="17"
          android:endX="19.5"
          android:type="linear">
        <item android:offset="0" android:color="#FF0194F5"/>
        <item android:offset="1" android:color="#FF0291F2"/>
      </gradient>
    </aapt:attr>
  </path>
  <path
      android:pathData="M11,22h17c0.6,0 1,-0.4 1,-1s-0.4,-1 -1,-1H11c-0.6,0 -1,0.4 -1,1S10.4,22 11,22z">
    <aapt:attr name="android:fillColor">
      <gradient 
          android:startY="20"
          android:startX="19.5"
          android:endY="22"
          android:endX="19.5"
          android:type="linear">
        <item android:offset="0" android:color="#FF028DEE"/>
        <item android:offset="1" android:color="#FF028BED"/>
      </gradient>
    </aapt:attr>
  </path>
  <path
      android:pathData="M11,26h17c0.6,0 1,-0.4 1,-1s-0.4,-1 -1,-1H11c-0.6,0 -1,0.4 -1,1S10.4,26 11,26z">
    <aapt:attr name="android:fillColor">
      <gradient 
          android:startY="24"
          android:startX="19.5"
          android:endY="26"
          android:endX="19.5"
          android:type="linear">
        <item android:offset="0" android:color="#FF0388EA"/>
        <item android:offset="1" android:color="#FF0387E9"/>
      </gradient>
    </aapt:attr>
  </path>
  <path
      android:pathData="M28,28H11c-0.6,0 -1,0.4 -1,1s0.4,1 1,1h17c0.6,0 1,-0.4 1,-1S28.6,28 28,28z">
    <aapt:attr name="android:fillColor">
      <gradient 
          android:startY="28"
          android:startX="19.5"
          android:endY="30"
          android:endX="19.5"
          android:type="linear">
        <item android:offset="0" android:color="#FF0383E6"/>
        <item android:offset="1" android:color="#FF0382E5"/>
      </gradient>
    </aapt:attr>
  </path>
</vector>
