<vector xmlns:android="http://schemas.android.com/apk/res/android"
    xmlns:aapt="http://schemas.android.com/aapt"
    android:width="39dp"
    android:height="39dp"
    android:viewportWidth="39"
    android:viewportHeight="39">
  <path
      android:pathData="M11.4,15.1H8.2l-0.4,1.2C7.6,16.7 7.3,17 6.9,17h0c-0.6,0 -1.1,-0.6 -0.9,-1.2l2.6,-7C8.8,8.3 9.3,8 9.8,8h0c0.5,0 1,0.3 1.2,0.8l2.6,7c0.2,0.6 -0.2,1.2 -0.9,1.2h0c-0.4,0 -0.7,-0.3 -0.9,-0.6L11.4,15.1zM8.7,13.6h2.2l-1.1,-3.4L8.7,13.6z">
    <aapt:attr name="android:fillColor">
      <gradient 
          android:startY="8"
          android:startX="9.7936"
          android:endY="17"
          android:endX="9.7936"
          android:type="linear">
        <item android:offset="0" android:color="#FF009CFB"/>
        <item android:offset="1" android:color="#FF0292F3"/>
      </gradient>
    </aapt:attr>
  </path>
  <path
      android:pathData="M11.4,31.1H8.2l-0.4,1.2C7.6,32.7 7.3,33 6.9,33h0c-0.6,0 -1.1,-0.6 -0.9,-1.2l2.6,-7C8.8,24.3 9.3,24 9.8,24h0c0.5,0 1,0.3 1.2,0.8l2.6,7c0.2,0.6 -0.2,1.2 -0.9,1.2h0c-0.4,0 -0.7,-0.3 -0.9,-0.6L11.4,31.1zM8.7,29.6h2.2l-1.1,-3.4L8.7,29.6z">
    <aapt:attr name="android:fillColor">
      <gradient 
          android:startY="24"
          android:startX="9.7995"
          android:endY="33"
          android:endX="9.7995"
          android:type="linear">
        <item android:offset="0" android:color="#FF028AEC"/>
        <item android:offset="1" android:color="#FF0380E3"/>
      </gradient>
    </aapt:attr>
  </path>
  <path
      android:pathData="M25.7,30.6c-0.3,0 -0.6,0.2 -0.7,0.4c-0.1,0.1 -0.1,0.2 -0.2,0.4c-0.2,0.2 -0.4,0.3 -0.8,0.3c-0.4,0 -0.7,-0.1 -0.9,-0.4c-0.2,-0.4 -0.3,-1 -0.3,-1.6c0,-0.6 0.1,-1.1 0.3,-1.4c0.2,-0.3 0.5,-0.4 0.9,-0.4c0.3,0 0.6,0.1 0.8,0.3c0.1,0.1 0.2,0.2 0.2,0.4c0.1,0.3 0.4,0.4 0.7,0.4c0.5,0 0.9,-0.6 0.7,-1.1c-0.1,-0.3 -0.3,-0.5 -0.5,-0.7c-0.5,-0.4 -1.1,-0.7 -1.9,-0.7c-0.9,0 -1.6,0.3 -2.1,0.9c-0.5,0.6 -0.8,1.3 -0.8,2.3c0,0.6 0,0.8 0,0.8h0c0.1,0.7 0.3,1.2 0.7,1.7c0.5,0.6 1.2,0.9 2.1,0.9c0.8,0 1.4,-0.2 1.9,-0.7c0.2,-0.2 0.4,-0.4 0.5,-0.7C26.7,31.1 26.3,30.6 25.7,30.6z"
      android:strokeAlpha="0.5"
      android:fillAlpha="0.5">
    <aapt:attr name="android:fillColor">
      <gradient 
          android:startY="26.5103"
          android:startX="23.8562"
          android:endY="33"
          android:endX="23.8562"
          android:type="linear">
        <item android:offset="0" android:color="#FF028AEC"/>
        <item android:offset="1" android:color="#FF0380E3"/>
      </gradient>
    </aapt:attr>
  </path>
  <path
      android:pathData="M19.7,27.4c-0.4,-0.6 -1,-0.8 -1.8,-0.8c-0.6,0 -1.1,0.2 -1.5,0.7v-2.4c0,-0.5 -0.4,-0.8 -0.8,-0.8s-0.8,0.4 -0.8,0.8v6.5v0.9c0,0.5 0.4,0.8 0.8,0.8c0.4,0 0.7,-0.3 0.8,-0.7c0.4,0.5 0.9,0.7 1.6,0.7c0.8,0 1.4,-0.3 1.8,-0.8c0.4,-0.6 0.6,-1.3 0.6,-2.3v-0.1C20.3,28.7 20.1,27.9 19.7,27.4zM18.5,30.9c-0.2,0.5 -0.5,0.8 -1.1,0.8c-0.5,0 -0.9,-0.2 -1.1,-0.7v-2.5c0.2,-0.4 0.6,-0.7 1.1,-0.7c0.4,0 0.7,0.1 0.9,0.4c0.2,0.3 0.3,0.8 0.3,1.4C18.6,30.2 18.6,30.6 18.5,30.9z"
      android:strokeAlpha="0.5"
      android:fillAlpha="0.5">
    <aapt:attr name="android:fillColor">
      <gradient 
          android:startY="24"
          android:startX="17.4962"
          android:endY="33"
          android:endX="17.4962"
          android:type="linear">
        <item android:offset="0" android:color="#FF028AEC"/>
        <item android:offset="1" android:color="#FF0380E3"/>
      </gradient>
    </aapt:attr>
  </path>
  <path
      android:pathData="M18,21h-1V4h1c0.6,0 1,-0.4 1,-1s-0.4,-1 -1,-1h-4c-0.6,0 -1,0.4 -1,1s0.4,1 1,1h1v17h-1c-0.6,0 -1,0.4 -1,1s0.4,1 1,1h4c0.6,0 1,-0.4 1,-1S18.6,21 18,21z">
    <aapt:attr name="android:fillColor">
      <gradient 
          android:startY="2"
          android:startX="16"
          android:endY="23"
          android:endX="16"
          android:type="linear">
        <item android:offset="0" android:color="#FF00A0FF"/>
        <item android:offset="1" android:color="#FF028BED"/>
      </gradient>
    </aapt:attr>
  </path>
  <path
      android:pathData="M36,4H20c-0.6,0 -1,0.4 -1,1s0.4,1 1,1h15v13H20c-0.6,0 -1,0.4 -1,1s0.4,1 1,1h15v14H4V21h7c0.6,0 1,-0.4 1,-1s-0.4,-1 -1,-1H4V6h7c0.6,0 1,-0.4 1,-1s-0.4,-1 -1,-1H3C2.4,4 2,4.4 2,5v15v16c0,0.6 0.4,1 1,1h33c0.6,0 1,-0.4 1,-1V20V5C37,4.4 36.6,4 36,4z">
    <aapt:attr name="android:fillColor">
      <gradient 
          android:startY="4"
          android:startX="19.5"
          android:endY="37"
          android:endX="19.5"
          android:type="linear">
        <item android:offset="0" android:color="#FF00A0FF"/>
        <item android:offset="1" android:color="#FF047BDF"/>
      </gradient>
    </aapt:attr>
  </path>
</vector>
