<vector xmlns:android="http://schemas.android.com/apk/res/android"
    xmlns:aapt="http://schemas.android.com/aapt"
    android:width="70dp"
    android:height="70dp"
    android:viewportWidth="70"
    android:viewportHeight="70">
  <path
      android:pathData="M35,6c16,0 29,13 29,29S51,64 35,64c-4.8,0 -9.6,-1.2 -13.8,-3.5c-0.4,-0.2 -0.9,-0.4 -1.4,-0.4c-0.3,0 -0.5,0 -0.8,0.1L8,63.2l2.8,-10.4c0.2,-0.8 0.1,-1.7 -0.4,-2.4C7.5,45.8 6,40.5 6,35C6,19 19,6 35,6M35,3C17.3,3 3,17.3 3,35c0,6.2 1.8,12.1 4.9,17L4.2,65.7C4,66.4 4.5,67 5.2,67c0.1,0 0.2,0 0.3,0l14.3,-3.8C24.3,65.6 29.5,67 35,67c17.7,0 32,-14.3 32,-32S52.7,3 35,3L35,3z">
    <aapt:attr name="android:fillColor">
      <gradient 
          android:startY="67"
          android:startX="35"
          android:endY="3"
          android:endX="35"
          android:type="linear">
        <item android:offset="0" android:color="#FFC92127"/>
        <item android:offset="1" android:color="#FFEB5153"/>
      </gradient>
    </aapt:attr>
  </path>
  <path
      android:pathData="M36.4,49.9c0.5,0 0.9,0.4 1,0.9c0,0.5 -0.4,1 -0.9,1.1c0,0 -0.1,0 -0.1,0c-0.5,0 -0.9,-0.4 -1,-0.9C35.4,50.5 35.8,50 36.4,49.9C36.3,49.9 36.4,49.9 36.4,49.9M36.4,46.9c-0.1,0 -0.2,0 -0.4,0c-2.2,0.2 -3.8,2.1 -3.6,4.3c0.2,2.1 1.9,3.7 4,3.7c0.1,0 0.2,0 0.4,0c2.2,-0.2 3.8,-2.1 3.6,-4.3C40.2,48.5 38.5,46.9 36.4,46.9L36.4,46.9z">
    <aapt:attr name="android:fillColor">
      <gradient 
          android:startY="54.9394"
          android:startX="36.3945"
          android:endY="46.9389"
          android:endX="36.3945"
          android:type="linear">
        <item android:offset="0" android:color="#FFD0202E"/>
        <item android:offset="1" android:color="#FFE5444A"/>
      </gradient>
    </aapt:attr>
  </path>
  <path
      android:pathData="M33.6,17.1c1,0 1.8,0.8 2,1.7l0,22.9c0,0.1 0,0.2 0,0.3c0,-0.1 0,-0.2 0,-0.3l-4,-22.6c0,-1.1 0.8,-2 1.8,-2.1C33.5,17.1 33.6,17.1 33.6,17.1M33.6,14.1c-0.1,0 -0.3,0 -0.4,0c-2.8,0.2 -4.8,2.7 -4.5,5.4l4,22.7c0.1,1.6 1.4,2.7 3,2.7c0.1,0 0.2,0 0.3,0c1.7,-0.1 2.9,-1.6 2.7,-3.3l0,-23.1C38.4,16 36.2,14.1 33.6,14.1L33.6,14.1z">
    <aapt:attr name="android:fillColor">
      <gradient 
          android:startY="44.9735"
          android:startX="33.6077"
          android:endY="14.0606"
          android:endX="33.6077"
          android:type="linear">
        <item android:offset="0" android:color="#FFD0202E"/>
        <item android:offset="1" android:color="#FFE5444A"/>
      </gradient>
    </aapt:attr>
  </path>
</vector>
