<vector xmlns:android="http://schemas.android.com/apk/res/android"
    xmlns:aapt="http://schemas.android.com/aapt"
    android:width="39dp"
    android:height="39dp"
    android:viewportWidth="39"
    android:viewportHeight="39">
  <path
      android:pathData="M12.8,6.1c-0.4,-0.4 -1,-0.4 -1.4,0l-5.7,5.7c-0.4,0.4 -0.4,1 0,1.4c0.4,0.4 1,0.4 1.4,0L11,9.3V33c0,0.6 0.4,1 1,1s1,-0.4 1,-1V9.2l4,4c0.4,0.4 1,0.4 1.4,0c0.4,-0.4 0.4,-1 0,-1.4L12.8,6.1z">
    <aapt:attr name="android:fillColor">
      <gradient 
          android:startY="5.8284"
          android:startX="12.0549"
          android:endY="34"
          android:endX="12.0549"
          android:type="linear">
        <item android:offset="0" android:color="#FF00A0FF"/>
        <item android:offset="1" android:color="#FF047BDF"/>
      </gradient>
    </aapt:attr>
  </path>
  <path
      android:pathData="M33.4,26.8c-0.4,-0.4 -1,-0.4 -1.4,0l-4,4V7c0,-0.6 -0.4,-1 -1,-1s-1,0.4 -1,1v23.7l-3.9,-3.9c-0.4,-0.4 -1,-0.4 -1.4,0c-0.4,0.4 -0.4,1 0,1.4l5.7,5.7c0.4,0.4 1,0.4 1.4,0l5.7,-5.7C33.8,27.8 33.8,27.2 33.4,26.8z">
    <aapt:attr name="android:fillColor">
      <gradient 
          android:startY="6"
          android:startX="27.0549"
          android:endY="34.1715"
          android:endX="27.0549"
          android:type="linear">
        <item android:offset="0" android:color="#FF00A0FF"/>
        <item android:offset="1" android:color="#FF047BDF"/>
      </gradient>
    </aapt:attr>
  </path>
</vector>
