<vector xmlns:android="http://schemas.android.com/apk/res/android"
    xmlns:aapt="http://schemas.android.com/aapt"
    android:width="39dp"
    android:height="39dp"
    android:viewportWidth="39"
    android:viewportHeight="39">
  <path
      android:pathData="M5.2,17.1C6.3,10.3 12.3,5 19.5,5c5.3,0 9.8,2.8 12.4,7H26c-0.6,0 -1,0.4 -1,1c0,0.6 0.4,1 1,1h8c0.6,0 1,-0.4 1,-1V5c0,-0.6 -0.4,-1 -1,-1s-1,0.4 -1,1v5c-3,-4.2 -7.9,-7 -13.5,-7c-8.2,0 -15,6 -16.3,13.8c-0.1,0.6 0.4,1.2 1,1.2C4.7,18 5.1,17.6 5.2,17.1z">
    <aapt:attr name="android:fillColor">
      <gradient 
          android:startY="3"
          android:startX="19.1056"
          android:endY="18"
          android:endX="19.1056"
          android:type="linear">
        <item android:offset="0" android:color="#FF00A0FF"/>
        <item android:offset="1" android:color="#FF047BDF"/>
      </gradient>
    </aapt:attr>
  </path>
  <path
      android:pathData="M34.9,21c-0.5,0 -0.9,0.4 -1,0.9C32.8,28.7 26.8,34 19.6,34c-5.3,0 -9.8,-2.8 -12.4,-7h5.9c0.6,0 1,-0.4 1,-1c0,-0.6 -0.4,-1 -1,-1h-8c-0.6,0 -1,0.4 -1,1v8c0,0.6 0.4,1 1,1s1,-0.4 1,-1v-5c3,4.2 7.9,7 13.5,7c8.2,0 15,-6 16.3,-13.8C36,21.6 35.5,21 34.9,21z">
    <aapt:attr name="android:fillColor">
      <gradient 
          android:startY="21"
          android:startX="19.9701"
          android:endY="36"
          android:endX="19.9701"
          android:type="linear">
        <item android:offset="0" android:color="#FF00A0FF"/>
        <item android:offset="1" android:color="#FF047BDF"/>
      </gradient>
    </aapt:attr>
  </path>
</vector>
