<vector xmlns:android="http://schemas.android.com/apk/res/android"
    xmlns:aapt="http://schemas.android.com/aapt"
    android:width="39dp"
    android:height="39dp"
    android:viewportWidth="39"
    android:viewportHeight="39">
  <path
      android:pathData="M35,12H5c-0.6,0 -1,0.4 -1,1v6c0,0.6 0.4,1 1,1h30c0.6,0 1,-0.4 1,-1v-6C36,12.4 35.6,12 35,12zM34,18H6v-4h28V18z">
    <aapt:attr name="android:fillColor">
      <gradient 
          android:startY="20"
          android:startX="20"
          android:endY="12"
          android:endX="20"
          android:type="linear">
        <item android:offset="0" android:color="#FF00A0FF"/>
        <item android:offset="0" android:color="#FF028EEF"/>
        <item android:offset="1" android:color="#FF0196F6"/>
      </gradient>
    </aapt:attr>
  </path>
  <path
      android:pathData="M35,28H5c-0.6,0 -1,0.4 -1,1v6c0,0.6 0.4,1 1,1h30c0.6,0 1,-0.4 1,-1v-6C36,28.4 35.6,28 35,28zM34,34H6v-4h28V34z">
    <aapt:attr name="android:fillColor">
      <gradient 
          android:startY="36"
          android:startX="20"
          android:endY="28"
          android:endX="20"
          android:type="linear">
        <item android:offset="0" android:color="#FF00A0FF"/>
        <item android:offset="0" android:color="#FF047CE0"/>
        <item android:offset="1" android:color="#FF0384E7"/>
      </gradient>
    </aapt:attr>
  </path>
  <path
      android:pathData="M35,4H5C4.4,4 4,4.4 4,5v5c0,0.6 0.4,1 1,1s1,-0.4 1,-1V6h8v4c0,0.6 0.4,1 1,1s1,-0.4 1,-1V6h8v4c0,0.6 0.4,1 1,1s1,-0.4 1,-1V6h8v4c0,0.6 0.4,1 1,1s1,-0.4 1,-1V5C36,4.4 35.6,4 35,4z">
    <aapt:attr name="android:fillColor">
      <gradient 
          android:startY="11"
          android:startX="20"
          android:endY="4"
          android:endX="20"
          android:type="linear">
        <item android:offset="0" android:color="#FF00A0FF"/>
        <item android:offset="0" android:color="#FF0198F8"/>
        <item android:offset="1" android:color="#FF00A0FF"/>
      </gradient>
    </aapt:attr>
  </path>
  <path
      android:pathData="M26,26v-4c0,-0.6 -0.4,-1 -1,-1s-1,0.4 -1,1v4c0,0.6 0.4,1 1,1S26,26.6 26,26z">
    <aapt:attr name="android:fillColor">
      <gradient 
          android:startY="27.0002"
          android:startX="25"
          android:endY="21.0004"
          android:endX="25"
          android:type="linear">
        <item android:offset="0" android:color="#FF00A0FF"/>
        <item android:offset="0" android:color="#FF047CE0"/>
        <item android:offset="0" android:color="#FF0386E9"/>
        <item android:offset="1" android:color="#FF028CEE"/>
      </gradient>
    </aapt:attr>
  </path>
  <path
      android:pathData="M16,26v-4c0,-0.6 -0.4,-1 -1,-1s-1,0.4 -1,1v4c0,0.6 0.4,1 1,1S16,26.6 16,26z"
      android:fillColor="#028CEE"/>
  <path
      android:pathData="M5,27c0.6,0 1,-0.4 1,-1v-4c0,-0.6 -0.4,-1 -1,-1s-1,0.4 -1,1v4C4,26.6 4.4,27 5,27z"
      android:fillColor="#028CEE"/>
  <path
      android:pathData="M35,21c-0.6,0 -1,0.4 -1,1v4c0,0.6 0.4,1 1,1s1,-0.4 1,-1v-4C36,21.4 35.6,21 35,21z"
      android:fillColor="#028CEE"/>
</vector>
