<vector xmlns:android="http://schemas.android.com/apk/res/android"
    xmlns:aapt="http://schemas.android.com/aapt"
    android:width="39dp"
    android:height="39dp"
    android:viewportWidth="39"
    android:viewportHeight="39">
  <path
      android:pathData="M33,7v3.6c0,0 0,0 0,0L22.5,23c-0.3,0.4 -0.5,0.8 -0.5,1.3v6.2l-4,2.5v-8.7c0,-0.5 -0.2,-0.9 -0.5,-1.3L7,10.6c0,0 0,0 0,0V7H33M34,5H6C5.4,5 5,5.4 5,6v5c0,0.3 0.1,0.6 0.4,0.7c0,0 0,0.1 0,0.1L16,24.3v10.5c0,0.6 0.5,1 1,1c0.2,0 0.4,0 0.5,-0.2l6,-3.7c0.3,-0.2 0.5,-0.5 0.5,-0.8v-6.7l10.6,-12.5c0,0 0,-0.1 0,-0.1c0.2,-0.2 0.4,-0.4 0.4,-0.7V6C35,5.4 34.6,5 34,5L34,5z">
    <aapt:attr name="android:fillColor">
      <gradient 
          android:startY="5.0001"
          android:startX="20"
          android:endY="35.7517"
          android:endX="20"
          android:type="linear">
        <item android:offset="0" android:color="#FF00A0FF"/>
        <item android:offset="1" android:color="#FF047BDF"/>
      </gradient>
    </aapt:attr>
  </path>
  <path
      android:pathData="M24,12H7c-0.6,0 -1,-0.4 -1,-1v0c0,-0.6 0.4,-1 1,-1h17c0.6,0 1,0.4 1,1v0C25,11.6 24.6,12 24,12z">
    <aapt:attr name="android:fillColor">
      <gradient 
          android:startY="10.0001"
          android:startX="15.5"
          android:endY="12.0001"
          android:endX="15.5"
          android:type="linear">
        <item android:offset="0" android:color="#FF0198F8"/>
        <item android:offset="1" android:color="#FF0196F6"/>
      </gradient>
    </aapt:attr>
  </path>
  <path
      android:pathData="M34,12h-6c-0.6,0 -1,-0.4 -1,-1v0c0,-0.6 0.4,-1 1,-1h6c0.6,0 1,0.4 1,1v0C35,11.6 34.6,12 34,12z">
    <aapt:attr name="android:fillColor">
      <gradient 
          android:startY="10.0001"
          android:startX="31"
          android:endY="12.0001"
          android:endX="31"
          android:type="linear">
        <item android:offset="0" android:color="#FF0198F8"/>
        <item android:offset="1" android:color="#FF0196F6"/>
      </gradient>
    </aapt:attr>
  </path>
</vector>
