<vector xmlns:android="http://schemas.android.com/apk/res/android"
    xmlns:aapt="http://schemas.android.com/aapt"
    android:width="39dp"
    android:height="39dp"
    android:viewportWidth="39"
    android:viewportHeight="39">
  <path
      android:pathData="M14,2H8C7.4,2 7,2.4 7,3v6c0,0.6 0.4,1 1,1s1,-0.4 1,-1V4h5c0.6,0 1,-0.4 1,-1S14.6,2 14,2z">
    <aapt:attr name="android:fillColor">
      <gradient 
          android:startY="2"
          android:startX="11"
          android:endY="10"
          android:endX="11"
          android:type="linear">
        <item android:offset="0" android:color="#FF009FFE"/>
        <item android:offset="1" android:color="#FF0198F8"/>
      </gradient>
    </aapt:attr>
  </path>
  <path
      android:pathData="M14,34H9v-5c0,-0.6 -0.4,-1 -1,-1s-1,0.4 -1,1v6c0,0.6 0.4,1 1,1h6c0.6,0 1,-0.4 1,-1S14.6,34 14,34z">
    <aapt:attr name="android:fillColor">
      <gradient 
          android:startY="28"
          android:startX="11"
          android:endY="36"
          android:endX="11"
          android:type="linear">
        <item android:offset="0" android:color="#FF0384E7"/>
        <item android:offset="1" android:color="#FF047BDF"/>
      </gradient>
    </aapt:attr>
  </path>
  <path
      android:pathData="M14,12H2c-0.6,0 -1,0.4 -1,1v12c0,0.6 0.4,1 1,1h12c0.6,0 1,-0.4 1,-1V13C15,12.4 14.6,12 14,12zM13,14v10H3V14H13z">
    <aapt:attr name="android:fillColor">
      <gradient 
          android:startY="12"
          android:startX="8"
          android:endY="26"
          android:endX="8"
          android:type="linear">
        <item android:offset="0" android:color="#FF0195F6"/>
        <item android:offset="1" android:color="#FF0388EA"/>
      </gradient>
    </aapt:attr>
  </path>
  <path
      android:pathData="M6,20h1v1c0,0.6 0.4,1 1,1s1,-0.4 1,-1v-1h1c0.6,0 1,-0.4 1,-1s-0.4,-1 -1,-1H9v-1c0,-0.6 -0.4,-1 -1,-1s-1,0.4 -1,1v1H6c-0.6,0 -1,0.4 -1,1S5.4,20 6,20z">
    <aapt:attr name="android:fillColor">
      <gradient 
          android:startY="16"
          android:startX="8"
          android:endY="22"
          android:endX="8"
          android:type="linear">
        <item android:offset="0" android:color="#FF0190F2"/>
        <item android:offset="1" android:color="#FF028CEE"/>
      </gradient>
    </aapt:attr>
  </path>
  <path
      android:pathData="M19,12.1L37,12c0.6,0 1,-0.5 1,-1V3c0,-0.6 -0.5,-1 -1,-1L19,2.1c-0.6,0 -1,0.5 -1,1v8C18,11.6 18.5,12.1 19,12.1zM20,4.1L36,4v6l-16,0.1V4.1z">
    <aapt:attr name="android:fillColor">
      <gradient 
          android:startY="2"
          android:startX="28"
          android:endY="12.0795"
          android:endX="28"
          android:type="linear">
        <item android:offset="0" android:color="#FF00A0FF"/>
        <item android:offset="1" android:color="#FF0196F6"/>
      </gradient>
    </aapt:attr>
  </path>
  <path
      android:pathData="M37,14l-18,0.1c-0.6,0 -1,0.5 -1,1v8c0,0.6 0.5,1 1,1L37,24c0.6,0 1,-0.5 1,-1v-8C38.1,14.4 37.6,14 37,14zM36.1,22l-16,0.1v-6l16,-0.1V22z">
    <aapt:attr name="android:fillColor">
      <gradient 
          android:startY="13.9551"
          android:startX="28.0064"
          android:endY="24.0347"
          android:endX="28.0064"
          android:type="linear">
        <item android:offset="0" android:color="#FF0192F3"/>
        <item android:offset="1" android:color="#FF028BED"/>
      </gradient>
    </aapt:attr>
  </path>
  <path
      android:pathData="M37,26H19c-0.6,0 -1,0.4 -1,1v8c0,0.6 0.4,1 1,1h18c0.6,0 1,-0.4 1,-1v-8C38,26.4 37.6,26 37,26zM36,28v6H20v-6H36z">
    <aapt:attr name="android:fillColor">
      <gradient 
          android:startY="26"
          android:startX="28"
          android:endY="36"
          android:endX="28"
          android:type="linear">
        <item android:offset="0" android:color="#FF0387E9"/>
        <item android:offset="1" android:color="#FF047BDF"/>
      </gradient>
    </aapt:attr>
  </path>
</vector>
