<vector xmlns:android="http://schemas.android.com/apk/res/android"
    xmlns:aapt="http://schemas.android.com/aapt"
    android:width="39dp"
    android:height="39dp"
    android:viewportWidth="39"
    android:viewportHeight="39">
  <path
      android:pathData="M9.9,7.1L9.9,7.1c-0.4,-0.4 -1.1,-0.4 -1.4,0C6.7,9 5.5,11.3 5,13.9c-0.1,0.6 0.4,1.2 1,1.2h0c0.5,0 0.9,-0.4 1,-0.9C7.4,12 8.4,10 9.9,8.5C10.3,8.1 10.2,7.5 9.9,7.1z">
    <aapt:attr name="android:fillColor">
      <gradient 
          android:startY="1.0588"
          android:startX="7.5811"
          android:endY="34.8547"
          android:endX="7.5811"
          android:type="linear">
        <item android:offset="0" android:color="#FF00A0FF"/>
        <item android:offset="1" android:color="#FF047BDF"/>
      </gradient>
    </aapt:attr>
  </path>
  <path
      android:pathData="M29.2,7.1c-0.4,0.4 -0.4,1 0,1.4c1.5,1.5 2.5,3.5 2.9,5.7c0.1,0.5 0.5,0.9 1,0.9h0c0.6,0 1.1,-0.6 1,-1.2c-0.4,-2.6 -1.6,-4.9 -3.4,-6.8C30.2,6.8 29.6,6.7 29.2,7.1z">
    <aapt:attr name="android:fillColor">
      <gradient 
          android:startY="1.0588"
          android:startX="31.4316"
          android:endY="34.8547"
          android:endX="31.4316"
          android:type="linear">
        <item android:offset="0" android:color="#FF00A0FF"/>
        <item android:offset="1" android:color="#FF047BDF"/>
      </gradient>
    </aapt:attr>
  </path>
  <path
      android:pathData="M33.4,4.3c-0.4,-0.4 -1,-0.4 -1.4,0c-0.4,0.4 -0.4,1 0,1.4c2.2,2.3 3.7,5.2 4.1,8.5c0.1,0.5 0.5,0.9 1,0.9c0.6,0 1.1,-0.5 1,-1.1C37.5,10.2 35.8,6.9 33.4,4.3z">
    <aapt:attr name="android:fillColor">
      <gradient 
          android:startY="1.0588"
          android:startX="34.8294"
          android:endY="34.8547"
          android:endX="34.8294"
          android:type="linear">
        <item android:offset="0" android:color="#FF00A0FF"/>
        <item android:offset="1" android:color="#FF047BDF"/>
      </gradient>
    </aapt:attr>
  </path>
  <path
      android:pathData="M7.1,4.3L7.1,4.3c-0.4,-0.4 -1,-0.4 -1.4,0C3.2,6.9 1.5,10.2 1,14c-0.1,0.6 0.4,1.1 1,1.1c0.5,0 0.9,-0.4 1,-0.9c0.4,-3.3 1.9,-6.3 4.1,-8.5C7.5,5.3 7.4,4.7 7.1,4.3z">
    <aapt:attr name="android:fillColor">
      <gradient 
          android:startY="1.0588"
          android:startX="4.1811"
          android:endY="34.8547"
          android:endX="4.1811"
          android:type="linear">
        <item android:offset="0" android:color="#FF00A0FF"/>
        <item android:offset="1" android:color="#FF047BDF"/>
      </gradient>
    </aapt:attr>
  </path>
  <path
      android:pathData="M29,17.5c0,-4.5 -2.3,-9 -7.1,-10.2C21.9,7.1 22,6.9 22,6.6c0,-1.4 -1.1,-2.5 -2.5,-2.5c-1.4,0 -2.5,1.1 -2.5,2.5c0,0.3 0.1,0.5 0.1,0.8C12.3,8.5 10,13 10,17.5C10,22 9.4,24.9 8.2,28C7.8,28.9 7,29.9 7,31c0,0.6 0.4,1 1,1h23c0.6,0 1,-0.5 1,-1c0,-1 -0.8,-2.1 -1.2,-3C29.5,24.9 29,22 29,17.5zM19,6.6c0,-0.3 0.2,-0.5 0.5,-0.5c0.3,0 0.5,0.2 0.5,0.5s-0.2,0.5 -0.5,0.5C19.2,7.1 19,6.9 19,6.6zM20,29.9H9.4C11,26.6 12,22.7 12,17.5c0,-4 3,-8.3 7.5,-8.3c4.5,0 7.5,4.3 7.5,8.3c0,5.2 1,9.1 2.6,12.4H20z">
    <aapt:attr name="android:fillColor">
      <gradient 
          android:startY="1.0588"
          android:startX="19.5"
          android:endY="34.8547"
          android:endX="19.5"
          android:type="linear">
        <item android:offset="0" android:color="#FF00A0FF"/>
        <item android:offset="1" android:color="#FF047BDF"/>
      </gradient>
    </aapt:attr>
  </path>
  <path
      android:pathData="M21.9,33.2c-0.2,0 -0.3,0 -0.5,0.1c-0.5,0.4 -1.2,0.7 -1.9,0.7c-0.7,0 -1.4,-0.3 -1.9,-0.7c-0.2,-0.1 -0.3,-0.1 -0.5,-0.1c-0.6,0 -1,0.4 -1,1c0,0.4 0.2,0.7 0.5,0.9c0.8,0.6 1.8,0.9 2.9,0.9c1.1,0 2.1,-0.4 2.9,-0.9c0.3,-0.2 0.5,-0.5 0.5,-0.9C22.9,33.6 22.5,33.2 21.9,33.2z">
    <aapt:attr name="android:fillColor">
      <gradient 
          android:startY="1.0588"
          android:startX="19.5"
          android:endY="34.8547"
          android:endX="19.5"
          android:type="linear">
        <item android:offset="0" android:color="#FF00A0FF"/>
        <item android:offset="1" android:color="#FF047BDF"/>
      </gradient>
    </aapt:attr>
  </path>
</vector>
