<vector xmlns:android="http://schemas.android.com/apk/res/android"
    xmlns:aapt="http://schemas.android.com/aapt"
    android:width="39dp"
    android:height="39dp"
    android:viewportWidth="39"
    android:viewportHeight="39">
  <path
      android:pathData="M36,1H1C0.4,1 0,1.4 0,2v6v2v23c0,0.6 0.4,1 1,1h8c0.5,0 1,-0.4 1,-1v0c0,-0.6 -0.4,-1 -1,-1V10h5v5c0,0.6 0.4,1 1,1s1,-0.4 1,-1v-5h5v1c0,0.6 0.4,1 1,1s1,-0.4 1,-1v-1h5v1c0,0.6 0.4,1 1,1s1,-0.4 1,-1v-1h5v5c0,0.6 0.4,1 1,1s1,-0.4 1,-1v-5V8V2C37,1.4 36.6,1 36,1zM7,32H2V10h5V32zM2,8V3h5v5H2zM9,8V3h5v5H9zM16,8V3h5v5H16zM23,8V3h5v5H23zM30,8V3h5v5H30z">
    <aapt:attr name="android:fillColor">
      <gradient 
          android:startY="1"
          android:startX="18.5"
          android:endY="34"
          android:endX="18.5"
          android:type="linear">
        <item android:offset="0" android:color="#FF00A0FF"/>
        <item android:offset="1" android:color="#FF047BDF"/>
      </gradient>
    </aapt:attr>
  </path>
  <path
      android:pathData="M19,27L19,27c-0.6,0 -1,-0.4 -1,-1v-1c0,-0.6 0.4,-1 1,-1h0c0.6,0 1,0.4 1,1v1C20,26.6 19.6,27 19,27z">
    <aapt:attr name="android:fillColor">
      <gradient 
          android:startY="24"
          android:startX="19"
          android:endY="27"
          android:endX="19"
          android:type="linear">
        <item android:offset="0" android:color="#FF00A0FF"/>
        <item android:offset="1" android:color="#FF047BDF"/>
      </gradient>
    </aapt:attr>
  </path>
  <path
      android:pathData="M32,27L32,27c-0.6,0 -1,-0.4 -1,-1v-1c0,-0.6 0.4,-1 1,-1h0c0.6,0 1,0.4 1,1v1C33,26.6 32.6,27 32,27z">
    <aapt:attr name="android:fillColor">
      <gradient 
          android:startY="24"
          android:startX="32"
          android:endY="27"
          android:endX="32"
          android:type="linear">
        <item android:offset="0" android:color="#FF00A0FF"/>
        <item android:offset="1" android:color="#FF047BDF"/>
      </gradient>
    </aapt:attr>
  </path>
  <path
      android:pathData="M28,16c0.6,0 1,0.4 1,1v1v2h2h6v16H14V20h6h2v-2v-1c0,-0.6 0.4,-1 1,-1H28M28,14h-5c-1.7,0 -3,1.3 -3,3v1h-6c-1.1,0 -2,0.9 -2,2v16c0,1.1 0.9,2 2,2h23c1.1,0 2,-0.9 2,-2V20c0,-1.1 -0.9,-2 -2,-2h-6v-1C31,15.3 29.7,14 28,14L28,14z">
    <aapt:attr name="android:fillColor">
      <gradient 
          android:startY="14"
          android:startX="25.5"
          android:endY="38"
          android:endX="25.5"
          android:type="linear">
        <item android:offset="0" android:color="#FF00A0FF"/>
        <item android:offset="1" android:color="#FF047BDF"/>
      </gradient>
    </aapt:attr>
  </path>
  <path
      android:pathData="M37,20v4c0,2.2 -1.8,4 -4,4H18c-2.2,0 -4,-1.8 -4,-4v-4H37M37,18H14c-1.1,0 -2,0.9 -2,2v4c0,3.3 2.7,6 6,6h15c3.3,0 6,-2.7 6,-6v-4C39,18.9 38.1,18 37,18L37,18z">
    <aapt:attr name="android:fillColor">
      <gradient 
          android:startY="18"
          android:startX="25.5"
          android:endY="30"
          android:endX="25.5"
          android:type="linear">
        <item android:offset="0" android:color="#FF00A0FF"/>
        <item android:offset="1" android:color="#FF047BDF"/>
      </gradient>
    </aapt:attr>
  </path>
</vector>
