<?xml version="1.0" encoding="utf-8"?>
<layer-list xmlns:android="http://schemas.android.com/apk/res/android">
    <item>
            <bitmap android:src="@drawable/splash_background_image"/>
    </item>
    <item>
        <bitmap
            android:gravity="center|top"
            android:src="@drawable/splash_screen_xamarin_logo" />
    </item>
    <item>
        <bitmap
            android:gravity="center|center"
            android:src="@drawable/splash_screen_text" />
    </item>
    <item>
        <bitmap
            android:gravity="center|bottom"
            android:src="@drawable/splash_screen_devexpress_logo" />
    </item>
</layer-list>
