<vector xmlns:android="http://schemas.android.com/apk/res/android"
    xmlns:aapt="http://schemas.android.com/aapt"
    android:width="39dp"
    android:height="39dp"
    android:viewportWidth="39"
    android:viewportHeight="39">
  <path
      android:pathData="M36,2H3C2.4,2 2,2.4 2,3v8c0,0.6 0.4,1 1,1h3.1c0.6,0 1,-0.4 1,-1s-0.4,-1 -1,-1H4V4h31v6H23c-0.6,0 -1,0.4 -1,1s0.4,1 1,1h13c0.6,0 1,-0.4 1,-1V3C37,2.4 36.6,2 36,2z">
    <aapt:attr name="android:fillColor">
      <gradient 
          android:startY="2"
          android:startX="19.5"
          android:endY="12"
          android:endX="19.5"
          android:type="linear">
        <item android:offset="0" android:color="#FF00A0FF"/>
        <item android:offset="1" android:color="#FF0196F6"/>
      </gradient>
    </aapt:attr>
  </path>
  <path
      android:pathData="M14.8,7.1c-0.4,-0.4 -1,-0.4 -1.4,0l-5.7,5.7c-0.4,0.4 -0.4,1 0,1.4c0.4,0.4 1,0.4 1.4,0l3.9,-3.9V23c0,0.6 0.4,1 1,1s1,-0.4 1,-1V10.2l4,4c0.4,0.4 1,0.4 1.4,0s0.4,-1 0,-1.4L14.8,7.1z">
    <aapt:attr name="android:fillColor">
      <gradient 
          android:startY="6.8284"
          android:startX="14.05"
          android:endY="24"
          android:endX="14.05"
          android:type="linear">
        <item android:offset="0" android:color="#FF009BFB"/>
        <item android:offset="1" android:color="#FF0388EB"/>
      </gradient>
    </aapt:attr>
  </path>
  <path
      android:pathData="M25,14c-0.6,0 -1,0.4 -1,1v12.7l-3.9,-3.9c-0.4,-0.4 -1,-0.4 -1.4,0s-0.4,1 0,1.4l5.7,5.7c0.4,0.4 1,0.4 1.4,0l5.7,-5.7c0.4,-0.4 0.4,-1 0,-1.4s-1,-0.4 -1.4,0l-4,4V15C26,14.4 25.6,14 25,14z">
    <aapt:attr name="android:fillColor">
      <gradient 
          android:startY="14"
          android:startX="25.1"
          android:endY="31.1715"
          android:endX="25.1"
          android:type="linear">
        <item android:offset="0" android:color="#FF0193F4"/>
        <item android:offset="1" android:color="#FF0381E4"/>
      </gradient>
    </aapt:attr>
  </path>
  <path
      android:pathData="M36,26h-3c-0.6,0 -1,0.4 -1,1s0.4,1 1,1h2v6H4v-6h12c0.6,0 1,-0.4 1,-1s-0.4,-1 -1,-1H3c-0.6,0 -1,0.4 -1,1v8c0,0.6 0.4,1 1,1h33c0.6,0 1,-0.4 1,-1v-8C37,26.4 36.6,26 36,26z">
    <aapt:attr name="android:fillColor">
      <gradient 
          android:startY="26"
          android:startX="19.5"
          android:endY="36"
          android:endX="19.5"
          android:type="linear">
        <item android:offset="0" android:color="#FF0385E8"/>
        <item android:offset="1" android:color="#FF047CE0"/>
      </gradient>
    </aapt:attr>
  </path>
</vector>
