{
  "images" : [
    {
        "filename": "light.CollectionView_LoadMore.pdf",
      "idiom" : "universal"
    },
    {
      "filename": "dark.CollectionView_LoadMore.pdf",
      "appearances": [
        {
          "appearance": "luminosity",
          "value": "dark"
        }
      ],
      "idiom": "universal"
    },
    {
      "filename": "light.CollectionView_LoadMore.pdf",
      "appearances": [
        {
          "appearance": "luminosity",
          "value": "light"
        }
      ],
      "idiom": "universal"
    }
  ],
  "info" : {
    "version" : 1,
    "author" : "xcode"
  }
}
