{
  "images": [
    {
      "idiom": "universal"
    },
    {
      "filename": "charts_series_template_dark_ios.pdf",
      "appearances": [
        {
          "appearance": "luminosity",
          "value": "dark"
        }
      ],
      "idiom": "universal"
    },
    {
      "filename": "charts_series_template_adapter_light_ios.pdf",
      "appearances": [
        {
          "appearance": "luminosity",
          "value": "light"
        }
      ],
      "idiom": "universal"
    }
  ],
  "info": {
    "version": 1,
    "author": "xcode"
  }
}