{
  "images": [
    {
        "filename": "light.HeaderPanelPosition.pdf",
      "idiom": "universal"
    },
    {
      "filename": "dark.HeaderPanelPosition.pdf",
      "appearances": [
        {
          "appearance": "luminosity",
          "value": "dark"
        }
      ],
      "idiom": "universal"
    },
    {
      "filename": "light.HeaderPanelPosition.pdf",
      "appearances": [
        {
          "appearance": "luminosity",
          "value": "light"
        }
      ],
      "idiom": "universal"
    }
  ],
  "info": {
    "version": 1,
    "author": "xcode"
  }
}
